WTA;Location;Tournament;Date;Tier;Court;Surface;Round;Best of;Winner;Loser;WRank;LRank;WPts;LPts;W1;L1;W2;L2;W3;L3;Wsets;Lsets;Comment;B365W;B365L;PSW;PSL;MaxW;MaxL;AvgW;AvgL
1;Adelaide;Adelaide International 1;03/01/2022;WTA500;Outdoor;Hard;1st Round;3;Sakkari M.;Zidansek T.;6;30;4385;1876;6;2;0;6;6;4;2;1;Completed;1,14;5,5;1,15;6,34;1,16;7;1,13;5,75
1;Adelaide;Adelaide International 1;03/01/2022;WTA500;Outdoor;Hard;1st Round;3;Rybakina E.;Sanders S.;14;132;2855;581;6;4;1;6;6;1;2;1;Completed;1,2;4,5;1,22;4,7;1,24;5,52;1,2;4,4
1;Adelaide;Adelaide International 1;03/01/2022;WTA500;Outdoor;Hard;1st Round;3;Juvan K.;Paquet C.;100;119;788;628;6;4;6;2;;;2;0;Completed;1,5;2,62;1,47;2,89;1,52;2,9;1,45;2,71
1;Adelaide;Adelaide International 1;03/01/2022;WTA500;Outdoor;Hard;1st Round;3;Tomljanovic A.;Watson H.;45;72;1395;949;6;4;7;6;;;2;0;Completed;1,3;3,5;1,33;3,64;1,34;3,65;1,3;3,45
1;Adelaide;Adelaide International 1;03/01/2022;WTA500;Outdoor;Hard;1st Round;3;Fernandez L.A.;Alexandrova E.;24;34;2284;1736;6;3;6;4;;;2;0;Completed;1,57;2,37;1,76;2,17;1,86;2,43;1,65;2,21
1;Adelaide;Adelaide International 1;03/01/2022;WTA500;Outdoor;Hard;1st Round;3;Hon P.;Kvitova P.;263;17;266;2660;6;7;7;5;6;2;2;1;Completed;6;1,12;6,84;1,13;7,25;1,15;6,02;1,12
1;Adelaide;Adelaide International 1;04/01/2022;WTA500;Outdoor;Hard;1st Round;3;Gasanova A.;Svitolina E.;130;15;587;2726;5;7;6;4;6;3;2;1;Completed;5,5;1,14;8,12;1,1;8,75;1,14;6,77;1,1
1;Adelaide;Adelaide International 1;04/01/2022;WTA500;Outdoor;Hard;1st Round;3;Rogers S.;Inglis M.;40;141;1583;549;6;1;6;3;;;2;0;Completed;1,22;4,33;1,27;4,18;1,27;4,4;1,23;4,07
1;Adelaide;Adelaide International 1;04/01/2022;WTA500;Outdoor;Hard;1st Round;3;Gauff C.;Eikeri U.;22;306;2550;220;6;2;6;1;;;2;0;Completed;1,06;10;1,05;13,55;1,06;13,55;1,04;10,51
1;Adelaide;Adelaide International 1;04/01/2022;WTA500;Outdoor;Hard;1st Round;3;Kenin S.;Bronzetti L.;12;148;2971;495;7;5;7;5;;;2;0;Completed;1,3;3,5;1,35;3,49;1,36;3,6;1,32;3,35
1;Adelaide;Adelaide International 1;04/01/2022;WTA500;Outdoor;Hard;1st Round;3;Swiatek I.;Saville D.;9;419;3786;126;6;3;6;3;;;2;0;Completed;1,2;4,5;1,21;4,94;1,25;5,5;1,21;4,4
1;Adelaide;Adelaide International 1;04/01/2022;WTA500;Outdoor;Hard;1st Round;3;Doi M.;Kucova K.;105;97;771;807;6;3;3;6;6;1;2;1;Completed;2;1,8;2,12;1,79;2,12;1,89;1,99;1,8
1;Adelaide;Adelaide International 1;04/01/2022;WTA500;Outdoor;Hard;1st Round;3;Bouzkova M.;Papamichail D.;90;182;838;370;6;3;6;0;;;2;0;Completed;1,14;5,5;1,17;5,65;1,18;6;1,15;5,38
1;Adelaide;Adelaide International 1;04/01/2022;WTA500;Outdoor;Hard;1st Round;3;Azarenka V.;Badosa P.;27;8;2166;3849;6;3;6;2;;;2;0;Completed;2;1,8;2,1;1,81;2,14;1,95;1,98;1,81
1;Adelaide;Adelaide International 1;05/01/2022;WTA500;Outdoor;Hard;2nd Round;3;Juvan K.;Sabalenka A.;100;2;788;6380;7;6;6;1;;;2;0;Completed;4,5;1,2;4,76;1,23;5,5;1,25;4,36;1,21
1;Adelaide;Adelaide International 1;05/01/2022;WTA500;Outdoor;Hard;2nd Round;3;Rogers S.;Sakkari M.;40;6;1583;4385;7;6;2;6;6;4;2;1;Completed;3;1,4;3,09;1,43;3,27;1,49;2,93;1,4
1;Adelaide;Adelaide International 1;05/01/2022;WTA500;Outdoor;Hard;2nd Round;3;Rybakina E.;Bouzkova M.;14;90;2855;838;6;3;6;4;;;2;0;Completed;1,28;3,75;1,33;3,69;1,35;4,05;1,29;3,53
1;Adelaide;Adelaide International 1;05/01/2022;WTA500;Outdoor;Hard;2nd Round;3;Barty A.;Gauff C.;1;22;7582;2550;4;6;7;5;6;1;2;1;Completed;1,4;3;1,41;3,19;1,45;3,25;1,38;3
1;Adelaide;Adelaide International 1;06/01/2022;WTA500;Outdoor;Hard;2nd Round;3;Swiatek I.;Fernandez L.A.;9;24;3786;2284;6;1;6;2;;;2;0;Completed;1,53;2,5;1,48;2,87;1,62;2,92;1,52;2,5
1;Adelaide;Adelaide International 1;06/01/2022;WTA500;Outdoor;Hard;2nd Round;3;Azarenka V.;Hon P.;27;263;2166;266;6;3;7;5;;;2;0;Completed;1,14;5,5;1,12;7,65;1,19;7,65;1,13;5,89
1;Adelaide;Adelaide International 1;06/01/2022;WTA500;Outdoor;Hard;2nd Round;3;Doi M.;Gasanova A.;105;130;771;587;7;6;6;3;;;2;0;Completed;1,8;2;1,99;1,92;1,99;2,1;1,84;1,96
1;Adelaide;Adelaide International 1;06/01/2022;WTA500;Outdoor;Hard;2nd Round;3;Kenin S.;Tomljanovic A.;12;45;2971;1395;3;6;7;6;6;3;2;1;Completed;1,9;1,9;2,1;1,83;2,1;1,95;1,95;1,85
1;Adelaide;Adelaide International 1;07/01/2022;WTA500;Outdoor;Hard;Quarterfinals;3;Rybakina E.;Rogers S.;14;40;2855;1583;3;6;6;3;6;2;2;1;Completed;1,57;2,37;1,54;2,67;1,62;2,81;1,53;2,47
1;Adelaide;Adelaide International 1;07/01/2022;WTA500;Outdoor;Hard;Quarterfinals;3;Doi M.;Juvan K.;105;100;771;788;6;3;4;6;7;6;2;1;Completed;2,62;1,5;2,71;1,53;2,9;1,55;2,6;1,49
1;Adelaide;Adelaide International 1;07/01/2022;WTA500;Outdoor;Hard;Quarterfinals;3;Barty A.;Kenin S.;1;12;7582;2971;6;3;6;4;;;2;0;Completed;1,25;4;1,26;4,36;1,31;4,36;1,25;3,9
1;Adelaide;Adelaide International 1;07/01/2022;WTA500;Outdoor;Hard;Quarterfinals;3;Swiatek I.;Azarenka V.;9;27;3786;2166;6;3;2;6;6;1;2;1;Completed;1,8;2;1,79;2,14;1,83;2,2;1,77;2,05
1;Adelaide;Adelaide International 1;08/01/2022;WTA500;Outdoor;Hard;Semifinals;3;Rybakina E.;Doi M.;14;105;2855;771;6;4;6;3;;;2;0;Completed;1,14;5,5;1,17;5,92;1,19;6;1,15;5,31
1;Adelaide;Adelaide International 1;08/01/2022;WTA500;Outdoor;Hard;Semifinals;3;Barty A.;Swiatek I.;1;9;7582;3786;6;2;6;4;;;2;0;Completed;1,57;2,37;1,58;2,54;1,62;2,61;1,55;2,44
1;Adelaide;Adelaide International 1;09/01/2022;WTA500;Outdoor;Hard;The Final;3;Barty A.;Rybakina E.;1;14;7582;2855;6;3;6;2;;;2;0;Completed;1,25;4;1,33;3,69;1,33;4,03;1,27;3,72
2;Melbourne;Melbourne Summer Set 1;04/01/2022;WTA250;Outdoor;Hard;1st Round;3;Osaka N.;Cornet A.;13;61;2956;1080;6;4;3;6;6;3;2;1;Completed;1,16;5;1,26;4,17;1,26;5;1,22;4,16
2;Melbourne;Melbourne Summer Set 1;04/01/2022;WTA250;Outdoor;Hard;1st Round;3;Ruse E.G.;Rodionova Ar.;87;152;859;478;6;3;6;2;;;2;0;Completed;1,14;5,5;1,15;6,06;1,15;6,75;1,13;5,65
2;Melbourne;Melbourne Summer Set 1;04/01/2022;WTA250;Outdoor;Hard;1st Round;3;Zanevska M.;Martic P.;82;54;871;1171;6;3;6;4;;;2;0;Completed;;;2,02;1,86;2,1;1,91;1,99;1,79
2;Melbourne;Melbourne Summer Set 1;04/01/2022;WTA250;Outdoor;Hard;1st Round;3;Kanepi K.;Cristian J.;73;71;948;954;6;7;7;6;6;2;2;1;Completed;1,61;2,3;1,74;2,19;1,74;2,35;1,66;2,18
2;Melbourne;Melbourne Summer Set 1;04/01/2022;WTA250;Outdoor;Hard;1st Round;3;Zvonareva V.;Riske A.;81;51;876;1191;7;5;6;3;;;2;0;Completed;1,72;2,1;1,78;2,12;1,85;2,2;1,75;2,06
2;Melbourne;Melbourne Summer Set 1;04/01/2022;WTA250;Outdoor;Hard;1st Round;3;Petkovic A.;Samsonova L.;75;38;919;1597;6;3;7;6;;;2;0;Completed;2,62;1,5;2,79;1,48;2,8;1,57;2,63;1,48
2;Melbourne;Melbourne Summer Set 1;04/01/2022;WTA250;Outdoor;Hard;1st Round;3;Konjuh A.;Martincova T.;67;48;998;1226;6;4;6;4;;;2;0;Completed;1,9;1,9;1,93;1,93;1,98;2,05;1,89;1,88
2;Melbourne;Melbourne Summer Set 1;04/01/2022;WTA250;Outdoor;Hard;1st Round;3;Golubic V.;Davis L.;43;89;1422;839;7;5;6;1;;;2;0;Completed;1,5;2,62;1,43;2,97;1,5;3;1,43;2,77
2;Melbourne;Melbourne Summer Set 1;05/01/2022;WTA250;Outdoor;Hard;1st Round;3;Kudermetova V.;Kuzmova V.;31;162;1870;441;7;6;7;6;;;2;0;Completed;1,4;3;1,39;3,2;1,44;3,35;1,38;2,98
2;Melbourne;Melbourne Summer Set 1;05/01/2022;WTA250;Outdoor;Hard;1st Round;3;Zheng Q.;Hontama M.;126;150;596;483;4;6;6;2;6;3;2;1;Completed;;;;;;;;
2;Melbourne;Melbourne Summer Set 1;05/01/2022;WTA250;Outdoor;Hard;1st Round;3;Potapova A.;Cabrera L.;69;173;985;409;5;7;6;2;6;2;2;1;Completed;1,25;4;1,23;4,5;1,33;4,65;1,24;4,02
2;Melbourne;Melbourne Summer Set 1;05/01/2022;WTA250;Outdoor;Hard;1st Round;3;Burel C.;Zhang S.;76;60;913;1096;6;3;7;6;;;2;0;Completed;2;1,8;2,2;1,72;2,2;1,83;2,06;1,75
2;Melbourne;Melbourne Summer Set 1;05/01/2022;WTA250;Outdoor;Hard;1st Round;3;Pattinama Kerkhove L.;Mendez S.;158;239;450;301;6;3;6;4;;;2;0;Completed;1,16;5;1,22;4,61;1,25;5;1,2;4,48
2;Melbourne;Melbourne Summer Set 1;05/01/2022;WTA250;Outdoor;Hard;1st Round;3;Bondar A.;Siniakova K.;92;49;821;1220;7;5;7;6;;;2;0;Completed;2,75;1,44;2,63;1,53;2,9;1,54;2,65;1,47
2;Melbourne;Melbourne Summer Set 1;05/01/2022;WTA250;Outdoor;Hard;1st Round;3;Brengle M.;Hibino N.;59;129;1102;590;7;6;7;6;;;2;0;Completed;1,44;2,75;1,4;3,12;1,46;3,65;1,38;2,98
2;Melbourne;Melbourne Summer Set 1;05/01/2022;WTA250;Outdoor;Hard;1st Round;3;Halep S.;Aiava D.;20;316;2576;208;6;4;6;2;;;2;0;Completed;1,11;6,5;1,09;8,63;1,13;9;1,09;7,29
2;Melbourne;Melbourne Summer Set 1;06/01/2022;WTA250;Outdoor;Hard;2nd Round;3;Konjuh A.;Kanepi K.;67;73;998;948;6;2;3;6;6;3;2;1;Completed;1,72;2,1;1,79;2,14;1,8;2,3;1,73;2,09
2;Melbourne;Melbourne Summer Set 1;06/01/2022;WTA250;Outdoor;Hard;2nd Round;3;Petkovic A.;Burel C.;75;76;919;913;7;5;2;6;6;4;2;1;Completed;1,61;2,3;1,71;2,27;1,74;2,3;1,64;2,24
2;Melbourne;Melbourne Summer Set 1;06/01/2022;WTA250;Outdoor;Hard;2nd Round;3;Golubic V.;Pattinama Kerkhove L.;43;158;1422;450;6;3;6;0;;;2;0;Completed;1,28;3,75;1,3;3,92;1,33;4,35;1,28;3,61
2;Melbourne;Melbourne Summer Set 1;06/01/2022;WTA250;Outdoor;Hard;2nd Round;3;Potapova A.;Bondar A.;69;92;985;821;6;4;6;7;7;5;2;1;Completed;1,72;2,1;1,74;2,22;1,8;2,23;1,72;2,11
2;Melbourne;Melbourne Summer Set 1;06/01/2022;WTA250;Outdoor;Hard;2nd Round;3;Halep S.;Ruse E.G.;20;87;2576;859;6;2;6;1;;;2;0;Completed;1,16;5;1,14;6,74;1,19;6,74;1,14;5,53
2;Melbourne;Melbourne Summer Set 1;06/01/2022;WTA250;Outdoor;Hard;2nd Round;3;Zheng Q.;Zvonareva V.;126;81;596;876;5;7;6;3;6;4;2;1;Completed;2,1;1,72;2,09;1,83;2,33;1,83;2,12;1,71
2;Melbourne;Melbourne Summer Set 1;06/01/2022;WTA250;Outdoor;Hard;2nd Round;3;Osaka N.;Zanevska M.;13;82;2956;871;6;1;6;1;;;2;0;Completed;1,16;5;1,19;5,45;1,2;5,5;1,17;4,93
2;Melbourne;Melbourne Summer Set 1;06/01/2022;WTA250;Outdoor;Hard;2nd Round;3;Kudermetova V.;Brengle M.;31;59;1870;1102;6;0;3;6;7;5;2;1;Completed;1,36;3,2;1,33;3,65;1,44;3,67;1,34;3,21
2;Melbourne;Melbourne Summer Set 1;07/01/2022;WTA250;Outdoor;Hard;Quarterfinals;3;Zheng Q.;Konjuh A.;126;67;596;998;7;6;7;6;;;2;0;Completed;2,2;1,66;2,17;1,78;2,29;1,85;2,15;1,7
2;Melbourne;Melbourne Summer Set 1;07/01/2022;WTA250;Outdoor;Hard;Quarterfinals;3;Halep S.;Golubic V.;20;43;2576;1422;6;2;5;7;6;4;2;1;Completed;1,2;4,5;1,21;5,03;1,22;5,5;1,19;4,65
2;Melbourne;Melbourne Summer Set 1;07/01/2022;WTA250;Outdoor;Hard;Quarterfinals;3;Kudermetova V.;Potapova A.;31;69;1870;985;6;2;4;6;6;0;2;1;Completed;1,57;2,37;1,59;2,52;1,67;2,54;1,58;2,37
2;Melbourne;Melbourne Summer Set 1;07/01/2022;WTA250;Outdoor;Hard;Quarterfinals;3;Osaka N.;Petkovic A.;13;75;2956;919;6;1;7;5;;;2;0;Completed;1,12;6;1,15;6,47;1,16;6,75;1,13;5,87
2;Melbourne;Melbourne Summer Set 1;08/01/2022;WTA250;Outdoor;Hard;Semifinals;3;Halep S.;Zheng Q.;20;126;2576;596;6;3;6;2;;;2;0;Completed;1,22;4,33;1,27;4,22;1,29;4,5;1,23;4,05
2;Melbourne;Melbourne Summer Set 1;08/01/2022;WTA250;Outdoor;Hard;Semifinals;3;Kudermetova V.;Osaka N.;31;13;1870;2956;;;;;;;;;Walkover;4,33;1,22;4,67;1,23;5;1,25;4,31;1,21
2;Melbourne;Melbourne Summer Set 1;09/01/2022;WTA250;Outdoor;Hard;The Final;3;Halep S.;Kudermetova V.;20;31;2576;1870;6;2;6;3;;;2;0;Completed;1,3;3,5;1,31;3,86;1,33;3,9;1,29;3,58
3;Melbourne;Melbourne Summer Set 2;04/01/2022;WTA250;Outdoor;Hard;1st Round;3;Begu I.;Pegula J.;62;18;1076;2650;7;6;6;3;;;2;0;Completed;4;1,25;4,07;1,27;4,33;1,28;3,91;1,24
3;Melbourne;Melbourne Summer Set 2;04/01/2022;WTA250;Outdoor;Hard;1st Round;3;Paolini J.;Schmiedlova A.;53;85;1178;867;2;6;6;3;6;4;2;1;Completed;1,5;2,62;1,63;2,38;1,65;2,62;1,57;2,39
3;Melbourne;Melbourne Summer Set 2;04/01/2022;WTA250;Outdoor;Hard;1st Round;3;Anisimova A.;Van Uytvanck A.;78;58;890;1125;7;6;1;6;7;5;2;1;Completed;1,61;2,3;1,54;2,6;1,62;2,6;1,54;2,42
3;Melbourne;Melbourne Summer Set 2;04/01/2022;WTA250;Outdoor;Hard;1st Round;3;Li A.;Sherif M.;47;63;1314;1049;6;2;6;0;;;2;0;Completed;1,28;3,75;1,31;3,7;1,33;4,15;1,28;3,57
3;Melbourne;Melbourne Summer Set 2;04/01/2022;WTA250;Outdoor;Hard;1st Round;3;Sevastova A.;Garcia C.;70;74;956;945;6;4;6;4;;;2;0;Completed;2,1;1,72;1,97;1,9;2,02;1,95;1,95;1,83
3;Melbourne;Melbourne Summer Set 2;04/01/2022;WTA250;Outdoor;Hard;1st Round;3;Cirstea S.;Gracheva V.;39;77;1589;912;6;0;6;0;;;2;0;Completed;1,66;2,2;1,68;2,27;1,73;2,34;1,66;2,19
3;Melbourne;Melbourne Summer Set 2;04/01/2022;WTA250;Outdoor;Hard;1st Round;3;Tauson C.;Kalinina A.;44;52;1421;1188;7;5;6;3;;;2;0;Completed;1,3;3,5;1,34;3,47;1,4;4,33;1,33;3,22
3;Melbourne;Melbourne Summer Set 2;04/01/2022;WTA250;Outdoor;Hard;1st Round;3;Sorribes Tormo S.;Haddad Maia B.;36;83;1645;868;6;4;5;7;6;3;2;1;Completed;1,57;2,37;1,54;2,6;1,57;2,6;1,53;2,45
3;Melbourne;Melbourne Summer Set 2;05/01/2022;WTA250;Outdoor;Hard;1st Round;3;Parrizas Diaz N.;Perez E.;66;196;1008;348;6;0;6;3;;;2;0;Completed;1,44;2,75;1,46;2,88;1,5;3;1,44;2,76
3;Melbourne;Melbourne Summer Set 2;05/01/2022;WTA250;Outdoor;Hard;1st Round;3;Keys M.;Dart H.;56;123;1149;616;6;3;7;6;;;2;0;Completed;1,4;3;1,45;2,92;1,5;3,2;1,4;2,9
3;Melbourne;Melbourne Summer Set 2;05/01/2022;WTA250;Outdoor;Hard;1st Round;3;Peterson R.;Sharma A.;88;98;853;806;6;1;3;6;6;2;2;1;Completed;1,53;2,5;1,5;2,72;1,58;2,72;1,5;2,54
3;Melbourne;Melbourne Summer Set 2;05/01/2022;WTA250;Outdoor;Hard;1st Round;3;Kasatkina D.;Kalinskaya A.;26;111;2180;716;6;1;3;0;;;1;0;Retired;1,5;2,62;1,55;2,57;1,65;2,7;1,52;2,51
3;Melbourne;Melbourne Summer Set 2;05/01/2022;WTA250;Outdoor;Hard;1st Round;3;Zhu L.;Stosur S.;114;382;683;153;7;6;7;6;;;2;0;Completed;1,14;5,5;1,12;6,94;1,17;7;1,12;5,96
3;Melbourne;Melbourne Summer Set 2;05/01/2022;WTA250;Outdoor;Hard;1st Round;3;Liu C.;Kostyuk M.;94;50;815;1215;4;6;6;4;6;3;2;1;Completed;2,37;1,57;2,44;1,6;2,67;1,62;2,4;1,56
3;Melbourne;Melbourne Summer Set 2;05/01/2022;WTA250;Outdoor;Hard;1st Round;3;Sasnovich A.;Wang Xin.;107;101;755;786;6;4;6;2;;;2;0;Completed;1,66;2,2;1,72;2,2;1,79;2,46;1,65;2,23
3;Melbourne;Melbourne Summer Set 2;05/01/2022;WTA250;Outdoor;Hard;1st Round;3;Rakhimova K.;Minnen G.;120;80;626;877;7;5;7;5;;;2;0;Completed;2,1;1,72;2,17;1,75;2,32;2;2,07;1,75
3;Melbourne;Melbourne Summer Set 2;06/01/2022;WTA250;Outdoor;Hard;2nd Round;3;Anisimova A.;Cirstea S.;78;39;890;1589;6;4;6;1;;;2;0;Completed;1,66;2,2;1,7;2,27;1,74;2,35;1,68;2,17
3;Melbourne;Melbourne Summer Set 2;06/01/2022;WTA250;Outdoor;Hard;2nd Round;3;Kasatkina D.;Keys M.;26;56;2180;1149;7;6;2;6;6;3;2;1;Completed;1,66;2,2;1,66;2,35;1,83;2,4;1,7;2,14
3;Melbourne;Melbourne Summer Set 2;06/01/2022;WTA250;Outdoor;Hard;2nd Round;3;Begu I.;Paolini J.;62;53;1076;1178;3;6;6;2;6;3;2;1;Completed;1,61;2,3;1,63;2,41;1,74;2,55;1,61;2,29
3;Melbourne;Melbourne Summer Set 2;06/01/2022;WTA250;Outdoor;Hard;2nd Round;3;Rakhimova K.;Sorribes Tormo S.;120;36;626;1645;7;6;6;4;;;2;0;Completed;2,37;1,57;2,48;1,6;2,55;1,66;2,38;1,57
3;Melbourne;Melbourne Summer Set 2;06/01/2022;WTA250;Outdoor;Hard;2nd Round;3;Sasnovich A.;Peterson R.;107;88;755;853;6;2;6;4;;;2;0;Completed;1,8;2;1,82;2,08;1,95;2,08;1,82;1,98
3;Melbourne;Melbourne Summer Set 2;06/01/2022;WTA250;Outdoor;Hard;2nd Round;3;Parrizas Diaz N.;Liu C.;66;94;1008;815;3;6;7;5;6;1;2;1;Completed;1,9;1,9;2,03;1,86;2,11;2;1,95;1,84
3;Melbourne;Melbourne Summer Set 2;06/01/2022;WTA250;Outdoor;Hard;2nd Round;3;Tauson C.;Zhu L.;44;114;1421;683;6;1;6;0;;;2;0;Completed;1,25;4;1,31;3,77;1,33;4;1,28;3,56
3;Melbourne;Melbourne Summer Set 2;06/01/2022;WTA250;Outdoor;Hard;2nd Round;3;Li A.;Sevastova A.;47;70;1314;956;6;1;6;4;;;2;0;Completed;1,5;2,62;1,52;2,69;1,6;2,7;1,5;2,55
3;Melbourne;Melbourne Summer Set 2;07/01/2022;WTA250;Outdoor;Hard;Quarterfinals;3;Anisimova A.;Begu I.;78;62;890;1076;2;6;6;3;6;2;2;1;Completed;1,57;2,37;1,54;2,66;1,6;2,7;1,52;2,49
3;Melbourne;Melbourne Summer Set 2;07/01/2022;WTA250;Outdoor;Hard;Quarterfinals;3;Kasatkina D.;Parrizas Diaz N.;26;66;2180;1008;7;5;6;1;;;2;0;Completed;1,3;3,5;1,3;3,95;1,35;3,95;1,3;3,49
3;Melbourne;Melbourne Summer Set 2;07/01/2022;WTA250;Outdoor;Hard;Quarterfinals;3;Sasnovich A.;Tauson C.;107;44;755;1421;6;3;2;0;;;1;0;Retired;2,75;1,44;3;1,45;3;1,5;2,79;1,43
3;Melbourne;Melbourne Summer Set 2;07/01/2022;WTA250;Outdoor;Hard;Quarterfinals;3;Li A.;Rakhimova K.;47;120;1314;626;6;1;7;5;;;2;0;Completed;1,25;4;1,31;3,83;1,31;4;1,28;3,64
3;Melbourne;Melbourne Summer Set 2;08/01/2022;WTA250;Outdoor;Hard;Semifinals;3;Anisimova A.;Kasatkina D.;78;26;890;2180;6;2;6;0;;;2;0;Completed;1,9;1,9;1,9;2;2,03;2,15;1,88;1,92
3;Melbourne;Melbourne Summer Set 2;08/01/2022;WTA250;Outdoor;Hard;Semifinals;3;Sasnovich A.;Li A.;107;47;755;1314;7;6;2;6;6;3;2;1;Completed;2,5;1,53;2,48;1,61;2,74;1,7;2,47;1,53
3;Melbourne;Melbourne Summer Set 2;09/01/2022;WTA250;Outdoor;Hard;The Final;3;Anisimova A.;Sasnovich A.;78;107;890;755;7;5;1;6;6;4;2;1;Completed;1,4;3;1,41;3,16;1,45;3,16;1,39;2,95
4;Adelaide;Adelaide International 1;10/01/2022;WTA500;Outdoor;Hard;1st Round;3;Konjuh A.;Saville D.;65;385;1033;151;6;2;7;6;;;2;0;Completed;1,44;2,75;1,51;2,74;1,51;2,95;1,46;2,69
4;Adelaide;Adelaide International 1;10/01/2022;WTA500;Outdoor;Hard;1st Round;3;Vondrousova M.;Golubic V.;34;42;1701;1452;5;7;6;4;6;3;2;1;Completed;1,44;2,75;1,51;2,74;1,56;2,8;1,48;2,62
4;Adelaide;Adelaide International 1;10/01/2022;WTA500;Outdoor;Hard;1st Round;3;Parrizas Diaz N.;Cornet A.;64;62;1043;1050;6;4;6;4;;;2;0;Completed;2,2;1,66;2,49;1,6;2,55;1,7;2,32;1,6
4;Adelaide;Adelaide International 1;10/01/2022;WTA500;Outdoor;Hard;1st Round;3;Riske A.;Linette M.;57;55;1121;1142;6;4;6;4;;;2;0;Completed;1,61;2,3;1,58;2,52;1,67;2,75;1,55;2,43
4;Adelaide;Adelaide International 1;10/01/2022;WTA500;Outdoor;Hard;1st Round;3;Keys M.;Svitolina E.;87;16;874;2726;6;2;6;4;;;2;0;Completed;2,62;1,5;2,65;1,53;2,83;1,57;2,52;1,51
4;Adelaide;Adelaide International 1;10/01/2022;WTA500;Outdoor;Hard;1st Round;3;Kostyuk M.;Rogers S.;50;36;1215;1643;6;3;6;4;;;2;0;Completed;2,62;1,5;2,81;1,49;2,9;1,53;1,47;2,64
4;Adelaide;Adelaide International 1;11/01/2022;WTA500;Outdoor;Hard;1st Round;3;Inglis M.;Kovinic D.;139;99;559;808;6;4;1;6;6;2;2;1;Completed;1,72;2,1;1,7;2,27;1,8;2,3;1,7;2,14
4;Adelaide;Adelaide International 1;11/01/2022;WTA500;Outdoor;Hard;1st Round;3;Zidansek T.;Watson H.;31;74;1876;949;2;6;6;2;7;6;2;1;Completed;1,57;2,37;1,54;2,63;1,64;2,63;1,58;2,35
4;Adelaide;Adelaide International 1;11/01/2022;WTA500;Outdoor;Hard;1st Round;3;Peterson R.;Sabalenka A.;93;2;853;6351;5;7;6;1;7;5;2;1;Completed;4,33;1,22;4,45;1,24;4,6;1,26;4,17;1,22
4;Adelaide;Adelaide International 1;11/01/2022;WTA500;Outdoor;Hard;1st Round;3;Brengle M.;Potapova A.;59;67;1102;1025;7;5;4;6;6;1;2;1;Completed;2,37;1,57;2,48;1,6;2,55;1,67;2,38;1,58
4;Adelaide;Adelaide International 1;11/01/2022;WTA500;Outdoor;Hard;1st Round;3;Martincova T.;Yastremska D.;48;102;1226;789;6;4;3;6;6;3;2;1;Completed;1,9;1,9;1,96;1,92;2;1,95;1,93;1,86
4;Adelaide;Adelaide International 1;11/01/2022;WTA500;Outdoor;Hard;1st Round;3;Davis L.;Teichmann J.;95;37;834;1620;1;6;7;6;6;4;2;1;Completed;2,62;1,5;2,87;1,47;3;1,53;2,69;1,46
4;Adelaide;Adelaide International 1;11/01/2022;WTA500;Outdoor;Hard;1st Round;3;Paolini J.;Sanders S.;52;135;1178;573;7;5;6;2;;;2;0;Completed;1,9;1,9;1,93;1,95;1,95;2,21;1,88;1,92
4;Adelaide;Adelaide International 1;11/01/2022;WTA500;Outdoor;Hard;1st Round;3;Samsonova L.;Sherif M.;39;63;1542;1049;7;6;6;4;;;2;0;Completed;1,28;3,75;1,3;3,88;1,33;3,92;1,29;3,54
4;Adelaide;Adelaide International 1;11/01/2022;WTA500;Outdoor;Hard;1st Round;3;Kalinina A.;Cirstea S.;51;38;1188;1618;6;3;6;2;;;2;0;Completed;2,1;1,72;2,13;1,79;2,29;1,8;2,11;1,72
4;Adelaide;Adelaide International 1;11/01/2022;WTA500;Outdoor;Hard;1st Round;3;Gauff C.;Siniakova K.;19;49;2575;1220;6;1;6;2;;;2;0;Completed;1,28;3,75;1,33;3,62;1,33;4,15;1,28;3,61
4;Adelaide;Adelaide International 1;12/01/2022;WTA500;Outdoor;Hard;2nd Round;3;Brengle M.;Peterson R.;59;93;1102;853;6;3;6;2;;;2;0;Completed;2,75;1,44;2,8;1,5;2,85;1,5;2,72;1,45
4;Adelaide;Adelaide International 1;12/01/2022;WTA500;Outdoor;Hard;2nd Round;3;Konjuh A.;Vondrousova M.;65;34;1033;1701;4;6;6;2;7;6;2;1;Completed;2,75;1,44;2,93;1,47;2,95;1,51;2,75;1,44
4;Adelaide;Adelaide International 1;12/01/2022;WTA500;Outdoor;Hard;2nd Round;3;Davis L.;Paolini J.;95;52;834;1178;4;6;6;4;6;4;2;1;Completed;2,62;1,5;2,74;1,52;3;1,52;2,67;1,47
4;Adelaide;Adelaide International 1;12/01/2022;WTA500;Outdoor;Hard;2nd Round;3;Keys M.;Martincova T.;87;48;874;1226;6;1;6;3;;;2;0;Completed;1,5;2,62;1,43;3,1;1,5;3,25;1,4;2,92
4;Adelaide;Adelaide International 1;12/01/2022;WTA500;Outdoor;Hard;2nd Round;3;Samsonova L.;Parrizas Diaz N.;39;64;1542;1043;6;2;6;1;;;2;0;Completed;1,5;2,62;1,56;2,6;1,56;2,7;1,5;2,58
4;Adelaide;Adelaide International 1;12/01/2022;WTA500;Outdoor;Hard;2nd Round;3;Riske A.;Kalinina A.;57;51;1121;1188;6;1;6;3;;;2;0;Completed;1,9;1,9;1,98;1,93;1,98;2,05;1,89;1,91
4;Adelaide;Adelaide International 1;12/01/2022;WTA500;Outdoor;Hard;2nd Round;3;Gauff C.;Kostyuk M.;19;50;2575;1215;6;3;5;7;6;3;2;1;Completed;1,33;3,4;1,35;3,5;1,36;3,84;1,32;3,33
4;Adelaide;Adelaide International 1;12/01/2022;WTA500;Outdoor;Hard;2nd Round;3;Zidansek T.;Inglis M.;31;139;1876;559;6;2;6;1;;;2;0;Completed;1,3;3,5;1,28;4,08;1,33;4,08;1,28;3,67
4;Adelaide;Adelaide International 1;13/01/2022;WTA500;Outdoor;Hard;Quarterfinals;3;Riske A.;Brengle M.;57;59;1121;1102;3;3;;;;;0;0;Retired;1,61;2,3;1,6;2,51;1,69;2,51;1,59;2,34
4;Adelaide;Adelaide International 1;13/01/2022;WTA500;Outdoor;Hard;Quarterfinals;3;Gauff C.;Konjuh A.;19;65;2575;1033;6;3;6;4;;;2;0;Completed;1,3;3,5;1,35;3,55;1,35;3,74;1,31;3,43
4;Adelaide;Adelaide International 1;13/01/2022;WTA500;Outdoor;Hard;Quarterfinals;3;Zidansek T.;Davis L.;31;95;1876;834;7;6;7;6;;;2;0;Completed;1,57;2,37;1,66;2,37;1,67;2,5;1,59;2,36
4;Adelaide;Adelaide International 1;13/01/2022;WTA500;Outdoor;Hard;Quarterfinals;3;Keys M.;Samsonova L.;87;39;874;1542;6;3;3;6;6;3;2;1;Completed;1,61;2,3;1,63;2,43;1,67;2,49;1,61;2,31
4;Adelaide;Adelaide International 1;14/01/2022;WTA500;Outdoor;Hard;Semifinals;3;Riske A.;Zidansek T.;57;31;1121;1876;;;;;;;;;Walkover;1,8;2;1,78;2,16;1,83;2,2;1,75;2,08
4;Adelaide;Adelaide International 1;14/01/2022;WTA500;Outdoor;Hard;Semifinals;3;Keys M.;Gauff C.;87;19;874;2575;3;6;6;2;7;5;2;1;Completed;2,3;1,61;2,43;1,63;2,51;1,67;2,34;1,6
4;Adelaide;Adelaide International 1;15/01/2022;WTA500;Outdoor;Hard;The Final;3;Keys M.;Riske A.;87;57;874;1121;6;1;6;2;;;2;0;Completed;1,28;3,75;1,37;3,38;1,37;3,82;1,3;3,52
5;Sydney;Sydney Tennis Classic;10/01/2022;WTA500;Outdoor;Hard;1st Round;3;Badosa P.;Ostapenko J.;9;28;3849;2060;7;6;6;1;;;2;0;Completed;1,36;3,2;1,44;2,98;1,52;3,2;1,4;2,89
5;Sydney;Sydney Tennis Classic;10/01/2022;WTA500;Outdoor;Hard;1st Round;3;Kontaveit A.;Zhang S.;7;60;4351;1096;6;3;6;3;;;2;0;Completed;1,14;5,5;1,14;6,48;1,16;6,5;1,13;5,72
5;Sydney;Sydney Tennis Classic;10/01/2022;WTA500;Outdoor;Hard;1st Round;3;Kvitova P.;Rus A.;21;66;2530;1031;3;6;7;6;7;5;2;1;Completed;1,22;4,33;1,25;4,42;1,25;4,66;1,22;4,19
5;Sydney;Sydney Tennis Classic;10/01/2022;WTA500;Outdoor;Hard;1st Round;3;Cristian J.;Hon P.;73;223;954;320;7;6;7;5;;;2;0;Completed;1,66;2,2;1,69;2,27;1,83;2,35;1,72;2,1
5;Sydney;Sydney Tennis Classic;10/01/2022;WTA500;Outdoor;Hard;1st Round;3;Kasatkina D.;Kenin S.;26;12;2235;3016;6;4;6;0;;;2;0;Completed;1,9;1,9;1,94;1,94;2,06;1,96;1,9;1,88
5;Sydney;Sydney Tennis Classic;10/01/2022;WTA500;Outdoor;Hard;1st Round;3;Jabeur O.;Sharma A.;10;101;3455;806;6;1;6;3;;;2;0;Completed;1,2;4,5;1,18;5,6;1,2;5,75;1,17;4,95
5;Sydney;Sydney Tennis Classic;11/01/2022;WTA500;Outdoor;Hard;1st Round;3;Tomljanovic A.;Schmiedlova A.;45;90;1395;867;6;2;6;3;;;2;0;Completed;1,3;3,5;1,37;3,33;1,42;3,6;1,34;3,22
5;Sydney;Sydney Tennis Classic;11/01/2022;WTA500;Outdoor;Hard;1st Round;3;Ruse E.G.;Frech M.;82;105;880;769;6;2;3;6;6;4;2;1;Completed;1,61;2,3;1,73;2,21;1,75;2,34;1,66;2,2
5;Sydney;Sydney Tennis Classic;11/01/2022;WTA500;Outdoor;Hard;1st Round;3;Bencic B.;Haddad Maia B.;23;88;2415;868;6;3;6;2;;;2;0;Completed;1,3;3,5;1,32;3,71;1,33;4;1,3;3,48
5;Sydney;Sydney Tennis Classic;11/01/2022;WTA500;Outdoor;Hard;1st Round;3;Alexandrova E.;Shibahara E.;40;589;1511;72;6;4;6;4;;;2;0;Completed;1,11;6,5;1,14;6,61;1,19;6,61;1,13;5,98
5;Sydney;Sydney Tennis Classic;11/01/2022;WTA500;Outdoor;Hard;1st Round;3;Mertens E.;Ferro F.;20;104;2565;775;6;2;7;6;;;2;0;Completed;1,3;3,5;1,32;3,69;1,36;3,69;1,31;3,39
5;Sydney;Sydney Tennis Classic;11/01/2022;WTA500;Outdoor;Hard;1st Round;3;Dodin O.;Olmos G.;96;685;823;51;6;4;6;1;;;2;0;Completed;1,3;3,5;1,32;3,65;1,35;3,95;1,3;3,47
5;Sydney;Sydney Tennis Classic;11/01/2022;WTA500;Outdoor;Hard;1st Round;3;Garcia C.;Pegula J.;75;22;945;2500;6;4;7;6;;;2;0;Completed;4,5;1,2;3,86;1,3;6;1,3;4,16;1,22
5;Sydney;Sydney Tennis Classic;11/01/2022;WTA500;Outdoor;Hard;1st Round;3;Rybakina E.;Raducanu E.;13;18;2980;2595;6;0;6;1;;;2;0;Completed;1,5;2,62;1,48;2,83;1,6;2,92;1,5;2,58
5;Sydney;Sydney Tennis Classic;12/01/2022;WTA500;Outdoor;Hard;2nd Round;3;Kontaveit A.;Ruse E.G.;7;82;4351;880;6;3;6;1;;;2;0;Completed;1,12;6;1,12;7,48;1,16;7,48;1,12;6,18
5;Sydney;Sydney Tennis Classic;12/01/2022;WTA500;Outdoor;Hard;2nd Round;3;Jabeur O.;Kvitova P.;10;21;3455;2530;6;4;6;4;;;2;0;Completed;1,53;2,5;1,54;2,66;1,83;2,7;1,55;2,45
5;Sydney;Sydney Tennis Classic;12/01/2022;WTA500;Outdoor;Hard;2nd Round;3;Kasatkina D.;Mertens E.;26;20;2235;2565;6;3;6;4;;;2;0;Completed;1,72;2,1;1,72;2,25;1,8;2,49;1,68;2,17
5;Sydney;Sydney Tennis Classic;12/01/2022;WTA500;Outdoor;Hard;2nd Round;3;Muguruza G.;Alexandrova E.;3;40;5635;1511;6;1;7;6;;;2;0;Completed;1,4;3;1,4;3,22;1,42;3,3;1,38;3
5;Sydney;Sydney Tennis Classic;12/01/2022;WTA500;Outdoor;Hard;2nd Round;3;Krejcikova B.;Cristian J.;4;73;5008;954;6;1;7;5;;;2;0;Completed;1,22;4,33;1,27;4,18;1,32;4,4;1,24;3,96
5;Sydney;Sydney Tennis Classic;12/01/2022;WTA500;Outdoor;Hard;2nd Round;3;Garcia C.;Rybakina E.;75;13;945;2980;;;;;;;;;Walkover;5;1,16;5,89;1,17;6;1,2;5,17;1,16
5;Sydney;Sydney Tennis Classic;12/01/2022;WTA500;Outdoor;Hard;2nd Round;3;Badosa P.;Tomljanovic A.;9;45;3849;1395;6;3;6;4;;;2;0;Completed;1,36;3,2;1,39;3,29;1,4;3,35;1,35;3,12
5;Sydney;Sydney Tennis Classic;13/01/2022;WTA500;Outdoor;Hard;2nd Round;3;Bencic B.;Dodin O.;23;96;2415;823;2;6;7;5;6;3;2;1;Completed;1,16;5;1,17;5,95;1,2;6;1,16;5,21
5;Sydney;Sydney Tennis Classic;13/01/2022;WTA500;Outdoor;Hard;Quarterfinals;3;Kontaveit A.;Jabeur O.;7;10;4351;3455;6;4;;;;;1;0;Retired;1,61;2,3;1,61;2,47;1,7;2,5;1,61;2,3
5;Sydney;Sydney Tennis Classic;13/01/2022;WTA500;Outdoor;Hard;Quarterfinals;3;Krejcikova B.;Garcia C.;4;75;5008;945;6;0;6;2;;;2;0;Completed;1,2;4,5;1,22;4,97;1,23;5,3;1,2;4,51
5;Sydney;Sydney Tennis Classic;13/01/2022;WTA500;Outdoor;Hard;Quarterfinals;3;Badosa P.;Bencic B.;9;23;3849;2415;7;6;3;6;6;3;2;1;Completed;1,57;2,37;1,5;2,77;1,57;3,02;1,49;2,61
5;Sydney;Sydney Tennis Classic;13/01/2022;WTA500;Outdoor;Hard;Quarterfinals;3;Kasatkina D.;Muguruza G.;26;3;2235;5635;6;4;6;4;;;2;0;Completed;2,62;1,5;2,65;1,54;2,94;1,55;2,62;1,49
5;Sydney;Sydney Tennis Classic;14/01/2022;WTA500;Outdoor;Hard;Semifinals;3;Krejcikova B.;Kontaveit A.;4;7;5008;4351;0;6;6;4;7;6;2;1;Completed;2,3;1,61;2,42;1,64;2,55;1,64;2,36;1,59
5;Sydney;Sydney Tennis Classic;14/01/2022;WTA500;Outdoor;Hard;Semifinals;3;Badosa P.;Kasatkina D.;9;26;3849;2235;6;2;6;2;;;2;0;Completed;1,8;2;1,76;2,2;1,82;2,3;1,74;2,1
5;Sydney;Sydney Tennis Classic;15/01/2022;WTA500;Outdoor;Hard;The Final;3;Badosa P.;Krejcikova B.;9;4;3849;5008;6;3;4;6;7;6;2;1;Completed;1,53;2,5;1,64;2,41;1,69;2,51;1,6;2,34
6;Melbourne;Australian Open;17/01/2022;Grand Slam;Outdoor;Hard;1st Round;3;Anisimova A.;Hartono A.;60;189;1060;363;2;6;6;4;6;3;2;1;Completed;1,1;7;1,09;8,85;1,11;9;1,08;7,85
6;Melbourne;Australian Open;17/01/2022;Grand Slam;Outdoor;Hard;1st Round;3;Zheng Q.;Sasnovich A.;108;76;719;923;6;3;1;6;7;6;2;1;Completed;2,1;1,72;2,26;1,7;2,28;1,8;2,15;1,71
6;Melbourne;Australian Open;17/01/2022;Grand Slam;Outdoor;Hard;1st Round;3;Svitolina E.;Ferro F.;17;101;2641;758;6;1;7;6;;;2;0;Completed;1,22;4,33;1,25;4,38;1,25;4,59;1,22;4,26
6;Melbourne;Australian Open;17/01/2022;Grand Slam;Outdoor;Hard;1st Round;3;Tan H.;Putintseva Y.;107;42;721;1400;6;3;6;3;;;2;0;Completed;3,4;1,33;3,58;1,33;3,66;1,35;3,44;1,31
6;Melbourne;Australian Open;17/01/2022;Grand Slam;Outdoor;Hard;1st Round;3;Bencic B.;Mladenovic K.;22;88;2415;860;6;4;6;3;;;2;0;Completed;1,14;5,5;1,12;7,43;1,17;7,5;1,13;6,02
6;Melbourne;Australian Open;17/01/2022;Grand Slam;Outdoor;Hard;1st Round;3;Giorgi C.;Potapova A.;33;68;1692;1015;6;4;6;0;;;2;0;Completed;1,8;2;1,79;2,13;1,9;2,13;1,8;2,01
6;Melbourne;Australian Open;17/01/2022;Grand Slam;Outdoor;Hard;1st Round;3;Sakkari M.;Maria T.;8;287;4071;234;6;4;7;6;;;2;0;Completed;1,03;15;1,03;17,17;1,03;19;1,02;14,68
6;Melbourne;Australian Open;17/01/2022;Grand Slam;Outdoor;Hard;1st Round;3;Sorribes Tormo S.;Flipkens K.;35;326;1588;192;6;4;6;1;;;2;0;Completed;1,22;4,33;1,28;3,99;1,28;4,5;1,24;4,03
6;Melbourne;Australian Open;17/01/2022;Grand Slam;Outdoor;Hard;1st Round;3;Pera B.;Alexandrova E.;105;45;728;1356;7;5;6;3;;;2;0;Completed;2,62;1,5;2,97;1,44;3;1,52;2,83;1,43
6;Melbourne;Australian Open;17/01/2022;Grand Slam;Outdoor;Hard;1st Round;3;Osaka N.;Osorio M.;14;50;2696;1167;6;3;6;3;;;2;0;Completed;1,07;9;1,08;9,32;1,1;11;1,07;8,53
6;Melbourne;Australian Open;17/01/2022;Grand Slam;Outdoor;Hard;1st Round;3;Kostyuk M.;Parry D.;66;114;1030;682;6;1;7;6;;;2;0;Completed;1,2;4,5;1,17;5,78;1,2;6;1,16;5,14
6;Melbourne;Australian Open;17/01/2022;Grand Slam;Outdoor;Hard;1st Round;3;Martincova T.;Davis L.;47;90;1226;852;7;5;6;2;;;2;0;Completed;1,61;2,3;1,69;2,28;1,69;2,33;1,65;2,24
6;Melbourne;Australian Open;17/01/2022;Grand Slam;Outdoor;Hard;1st Round;3;Brengle M.;Yastremska D.;54;144;1132;502;6;1;0;6;5;0;1;1;Retired;2,2;1,66;2,17;1,76;2,3;1,76;2,17;1,69
6;Melbourne;Australian Open;17/01/2022;Grand Slam;Outdoor;Hard;1st Round;3;Zanevska M.;Juvan K.;80;89;892;858;7;6;7;6;;;2;0;Completed;2,2;1,66;2,38;1,64;2,45;1,7;2,26;1,63
6;Melbourne;Australian Open;17/01/2022;Grand Slam;Outdoor;Hard;1st Round;3;Van Uytvanck A.;Bucsa C.;55;154;1125;444;6;3;6;4;;;2;0;Completed;1,33;3,4;1,31;3,74;1,35;4;1,3;3,51
6;Melbourne;Australian Open;17/01/2022;Grand Slam;Outdoor;Hard;1st Round;3;Bronzetti L.;Gracheva V.;142;78;511;907;3;6;6;2;6;3;2;1;Completed;2,3;1,61;2,09;1,82;2,36;1,83;2,12;1,73
6;Melbourne;Australian Open;17/01/2022;Grand Slam;Outdoor;Hard;1st Round;3;Parrizas Diaz N.;Bara I.;63;134;1043;573;6;3;6;1;;;2;0;Completed;1,33;3,4;;;1,5;2,5;1,5;2,5
6;Melbourne;Australian Open;17/01/2022;Grand Slam;Outdoor;Hard;1st Round;3;Pegula J.;Kalinina A.;21;49;2474;1188;4;6;7;6;7;5;2;1;Completed;1,33;3,4;1,38;3,29;1,41;3,6;1,35;3,19
6;Melbourne;Australian Open;17/01/2022;Grand Slam;Outdoor;Hard;1st Round;3;Azarenka V.;Udvardy P.;25;95;2166;811;6;3;6;1;;;2;0;Completed;1,05;11;1,03;18,64;1,07;18,64;1,05;11
6;Melbourne;Australian Open;17/01/2022;Grand Slam;Outdoor;Hard;1st Round;3;Kudermetova V.;Liu C.;32;93;1695;838;6;4;6;4;;;2;0;Completed;1,33;3,4;1,4;3,17;1,4;3,8;1,34;3,29
6;Melbourne;Australian Open;17/01/2022;Grand Slam;Outdoor;Hard;1st Round;3;Wang Q.;Gauff C.;110;16;714;2655;6;4;6;2;;;2;0;Completed;8;1,08;8,33;1,1;11;1,12;8,22;1,08
6;Melbourne;Australian Open;17/01/2022;Grand Slam;Outdoor;Hard;1st Round;3;Wang Xiy.;Kuzmova V.;139;160;547;429;7;5;6;3;;;2;0;Completed;2,2;1,66;2,35;1,65;2,45;1,66;2,3;1,62
6;Melbourne;Australian Open;17/01/2022;Grand Slam;Outdoor;Hard;1st Round;3;Ostapenko J.;Schmiedlova A.;27;87;2035;862;6;7;6;4;6;1;2;1;Completed;1,25;4;1,28;4,07;1,28;4,4;1,25;3,91
6;Melbourne;Australian Open;17/01/2022;Grand Slam;Outdoor;Hard;1st Round;3;Krejcikova B.;Petkovic A.;4;73;5213;949;6;2;6;0;;;2;0;Completed;1,16;5;1,2;5,13;1,21;5,7;1,16;5,14
6;Melbourne;Australian Open;17/01/2022;Grand Slam;Outdoor;Hard;1st Round;3;Ruse E.G.;Paolini J.;72;52;951;1153;6;1;6;3;;;2;0;Completed;2;1,8;2,22;1,73;2,22;1,84;2,07;1,75
6;Melbourne;Australian Open;17/01/2022;Grand Slam;Outdoor;Hard;1st Round;3;Riske A.;Vekic D.;46;79;1271;896;6;2;6;2;;;2;0;Completed;1,66;2,2;1,85;2,04;1,86;2,2;1,76;2,07
6;Melbourne;Australian Open;17/01/2022;Grand Slam;Outdoor;Hard;1st Round;3;Trevisan M.;Hibino N.;111;125;713;598;6;2;6;3;;;2;0;Completed;1,5;2,62;1,54;2,6;1,58;2,67;1,53;2,48
6;Melbourne;Australian Open;17/01/2022;Grand Slam;Outdoor;Hard;1st Round;3;Keys M.;Kenin S.;51;13;1153;2762;7;6;7;5;;;2;0;Completed;1,53;2,5;1,48;2,82;1,65;3,05;1,48;2,67
6;Melbourne;Australian Open;17/01/2022;Grand Slam;Outdoor;Hard;1st Round;3;Teichmann J.;Martic P.;34;57;1620;1097;6;3;6;3;;;2;0;Completed;1,44;2,75;1,44;3;1,48;3,15;1,42;2,85
6;Melbourne;Australian Open;17/01/2022;Grand Slam;Outdoor;Hard;1st Round;3;Barty A.;Tsurenko L.;1;119;7111;634;6;0;6;1;;;2;0;Completed;1,05;11;1,03;16,3;1,05;20;1,03;12,92
6;Melbourne;Australian Open;17/01/2022;Grand Slam;Outdoor;Hard;1st Round;3;Cristian J.;Minnen G.;69;84;991;867;7;5;6;4;;;2;0;Completed;1,8;2;1,76;2,16;1,82;2,16;1,75;2,07
6;Melbourne;Australian Open;17/01/2022;Grand Slam;Outdoor;Hard;1st Round;3;Badosa P.;Tomljanovic A.;6;43;4264;1395;6;4;6;0;;;2;0;Completed;1,22;4,33;1,23;4,5;1,26;5,16;1,21;4,28
6;Melbourne;Australian Open;18/01/2022;Grand Slam;Outdoor;Hard;1st Round;3;Cornet A.;Tomova V.;61;118;1050;639;6;3;6;3;;;2;0;Completed;1,33;3,4;1,38;3,29;1,38;3,45;1,34;3,24
6;Melbourne;Australian Open;18/01/2022;Grand Slam;Outdoor;Hard;1st Round;3;Peterson R.;Saville D.;82;426;871;122;6;2;6;3;;;2;0;Completed;1,57;2,37;1,7;2,26;1,7;2,44;1,63;2,28
6;Melbourne;Australian Open;18/01/2022;Grand Slam;Outdoor;Hard;1st Round;3;Stosur S.;Anderson R.;487;169;97;412;6;7;6;3;6;3;2;1;Completed;2,1;1,72;2,03;1,86;2,21;1,86;2,08;1,76
6;Melbourne;Australian Open;18/01/2022;Grand Slam;Outdoor;Hard;1st Round;3;Kucova K.;Doi M.;96;75;807;926;6;3;7;5;;;2;0;Completed;2,3;1,61;2,36;1,65;2,44;1,68;2,31;1,61
6;Melbourne;Australian Open;18/01/2022;Grand Slam;Outdoor;Hard;1st Round;3;Cirstea S.;Kvitova P.;38;19;1502;2530;6;2;6;2;;;2;0;Completed;2,75;1,44;2,67;1,53;2,8;1,58;2,56;1,51
6;Melbourne;Australian Open;18/01/2022;Grand Slam;Outdoor;Hard;1st Round;3;Begu I.;Dodin O.;64;85;1033;866;2;6;7;5;6;3;2;1;Completed;1,4;3;1,43;3,04;1,44;3,26;1,4;2,96
6;Melbourne;Australian Open;18/01/2022;Grand Slam;Outdoor;Hard;1st Round;3;Mertens E.;Zvonareva V.;26;91;2091;846;6;4;7;5;;;2;0;Completed;1,36;3,2;1,38;3,28;1,4;3,52;1,35;3,18
6;Melbourne;Australian Open;18/01/2022;Grand Slam;Outdoor;Hard;1st Round;3;Muguruza G.;Burel C.;3;77;5425;914;6;3;6;4;;;2;0;Completed;1,11;6,5;1,09;8,66;1,12;8,75;1,1;7,18
6;Melbourne;Australian Open;18/01/2022;Grand Slam;Outdoor;Hard;1st Round;3;Kontaveit A.;Siniakova K.;7;48;4231;1220;6;2;6;3;;;2;0;Completed;1,1;7;1,1;8,3;1,13;8,5;1,09;7,45
6;Melbourne;Australian Open;18/01/2022;Grand Slam;Outdoor;Hard;1st Round;3;Vondrousova M.;Hon P.;41;221;1447;320;6;2;6;3;;;2;0;Completed;1,14;5,5;1,17;5,73;1,18;5,99;1,16;5,27
6;Melbourne;Australian Open;18/01/2022;Grand Slam;Outdoor;Hard;1st Round;3;Swiatek I.;Dart H.;9;123;3916;619;6;3;6;0;;;2;0;Completed;1,07;9;1,07;10,75;1,09;11;1,06;9,3
6;Melbourne;Australian Open;18/01/2022;Grand Slam;Outdoor;Hard;1st Round;3;Baptiste H.;Garcia C.;165;70;420;990;4;6;7;6;6;3;2;1;Completed;3;1,4;2,72;1,51;3;1,54;2,72;1,46
6;Melbourne;Australian Open;18/01/2022;Grand Slam;Outdoor;Hard;1st Round;3;Linette M.;Sevastova A.;53;71;1142;956;6;4;7;5;;;2;0;Completed;2;1,8;1,98;1,91;2,16;1,95;1,99;1,82
6;Melbourne;Australian Open;18/01/2022;Grand Slam;Outdoor;Hard;1st Round;3;Inglis M.;Fernandez L.A.;133;24;573;2279;6;4;6;2;;;2;0;Completed;7;1,1;8,41;1,1;8,75;1,13;7,33;1,09
6;Melbourne;Australian Open;18/01/2022;Grand Slam;Outdoor;Hard;1st Round;3;Kasatkina D.;Voegele S.;23;145;2360;497;6;3;6;1;;;2;0;Completed;1,14;5,5;1,13;7,07;1,16;7,07;1,12;6,18
6;Melbourne;Australian Open;18/01/2022;Grand Slam;Outdoor;Hard;1st Round;3;Samsonova L.;Bektas E.;37;212;1577;331;7;5;6;4;;;2;0;Completed;1,16;5;1,21;4,95;1,21;5,6;1,17;4,96
6;Melbourne;Australian Open;18/01/2022;Grand Slam;Outdoor;Hard;1st Round;3;Pavlyuchenkova A.;Bondar A.;11;92;2968;844;6;2;6;1;;;2;0;Completed;1,36;3,2;1,39;3,21;1,4;3,25;1,36;3,12
6;Melbourne;Australian Open;18/01/2022;Grand Slam;Outdoor;Hard;1st Round;3;Halep S.;Frech M.;15;102;2657;744;6;4;6;3;;;2;0;Completed;1,05;11;1,05;12,95;1,05;15;1,04;11,38
6;Melbourne;Australian Open;18/01/2022;Grand Slam;Outdoor;Hard;1st Round;3;Rybakina E.;Diyas Z.;12;104;2765;732;6;7;7;6;6;1;2;1;Completed;1,11;6,5;1,12;7,44;1,15;7,5;1,11;6,45
6;Melbourne;Australian Open;18/01/2022;Grand Slam;Outdoor;Hard;1st Round;3;Watson H.;Sherif M.;94;62;819;1049;6;3;5;7;6;2;2;1;Completed;1,72;2,1;1,7;2,26;1,77;2,5;1,68;2,2
6;Melbourne;Australian Open;18/01/2022;Grand Slam;Outdoor;Hard;1st Round;3;Zidansek T.;Rus A.;29;65;1931;1031;3;6;6;3;7;6;2;1;Completed;1,61;2,3;1,67;2,32;1,7;2,38;1,63;2,27
6;Melbourne;Australian Open;18/01/2022;Grand Slam;Outdoor;Hard;1st Round;3;Konjuh A.;Rogers S.;58;36;1063;1583;4;6;6;3;7;5;2;1;Completed;2,1;1,72;2,25;1,71;2,28;1,77;2,16;1,7
6;Melbourne;Australian Open;18/01/2022;Grand Slam;Outdoor;Hard;1st Round;3;Zhang S.;Golubic V.;74;40;946;1452;6;3;6;4;;;2;0;Completed;3,2;1,36;2,94;1,45;3,3;1,45;3,02;1,38
6;Melbourne;Australian Open;18/01/2022;Grand Slam;Outdoor;Hard;1st Round;3;Tauson C.;Sharma A.;39;97;1459;806;6;3;6;4;;;2;0;Completed;1,16;5;1,21;4,95;1,25;5;1,19;4,61
6;Melbourne;Australian Open;18/01/2022;Grand Slam;Outdoor;Hard;1st Round;3;Haddad Maia B.;Volynets K.;83;176;868;390;3;6;6;2;6;3;2;1;Completed;1,66;2,2;1,66;2,34;1,8;2,35;1,68;2,2
6;Melbourne;Australian Open;18/01/2022;Grand Slam;Outdoor;Hard;1st Round;3;Wang Xin.;Li A.;100;56;786;1119;7;6;6;3;;;2;0;Completed;3,5;1,3;3,97;1,29;4,2;1,31;3,7;1,28
6;Melbourne;Australian Open;18/01/2022;Grand Slam;Outdoor;Hard;1st Round;3;Kovinic D.;Jang S.;98;210;799;333;6;3;2;6;6;4;2;1;Completed;2;1,8;2,08;1,82;2,1;1,91;2,01;1,81
6;Melbourne;Australian Open;18/01/2022;Grand Slam;Outdoor;Hard;1st Round;3;Sabalenka A.;Sanders S.;2;128;5698;581;5;7;6;3;6;2;2;1;Completed;1,33;3,4;1,31;3,78;1,35;4,03;1,31;3,47
6;Melbourne;Australian Open;18/01/2022;Grand Slam;Outdoor;Hard;1st Round;3;Bouzkova M.;Marino R.;86;143;863;504;6;1;6;3;;;2;0;Completed;1,5;2,62;1,57;2,56;1,57;2,71;1,51;2,54
6;Melbourne;Australian Open;18/01/2022;Grand Slam;Outdoor;Hard;1st Round;3;Collins D.;Dolehide C.;30;200;1911;342;6;1;6;3;;;2;0;Completed;1,16;5;1,18;5,52;1,24;5,52;1,18;4,87
6;Melbourne;Australian Open;18/01/2022;Grand Slam;Outdoor;Hard;1st Round;3;Kanepi K.;Kerber A.;115;20;673;2517;6;4;6;3;;;2;0;Completed;2,62;1,5;2,59;1,56;2,75;1,59;2,58;1,51
6;Melbourne;Australian Open;18/01/2022;Grand Slam;Outdoor;Hard;1st Round;3;Raducanu E.;Stephens S.;18;67;2595;1023;6;0;2;6;6;1;2;1;Completed;2;1,8;2,12;1,79;2,15;1,88;2,04;1,79
6;Melbourne;Australian Open;19/01/2022;Grand Slam;Outdoor;Hard;2nd Round;3;Azarenka V.;Teichmann J.;25;34;2166;1620;6;1;6;2;;;2;0;Completed;1,28;3,75;1,28;4,01;1,31;4,09;1,27;3,76
6;Melbourne;Australian Open;19/01/2022;Grand Slam;Outdoor;Hard;2nd Round;3;Giorgi C.;Martincova T.;33;47;1692;1226;6;2;7;6;;;2;0;Completed;1,44;2,75;1,54;2,64;1,55;3,03;1,48;2,67
6;Melbourne;Australian Open;19/01/2022;Grand Slam;Outdoor;Hard;2nd Round;3;Kostyuk M.;Sorribes Tormo S.;66;35;1030;1588;7;6;6;3;;;2;0;Completed;1,57;2,37;1,59;2,5;1,67;2,6;1,57;2,4
6;Melbourne;Australian Open;19/01/2022;Grand Slam;Outdoor;Hard;2nd Round;3;Svitolina E.;Tan H.;17;107;2641;721;6;3;5;7;5;1;1;1;Retired;1,14;5,5;1,16;5,92;1,19;6;1,15;5,54
6;Melbourne;Australian Open;19/01/2022;Grand Slam;Outdoor;Hard;2nd Round;3;Badosa P.;Trevisan M.;6;111;4264;713;6;0;6;3;;;2;0;Completed;1,08;8;1,1;8,34;1,11;9;1,08;7,78
6;Melbourne;Australian Open;19/01/2022;Grand Slam;Outdoor;Hard;2nd Round;3;Barty A.;Bronzetti L.;1;142;7111;511;6;1;6;1;;;2;0;Completed;1,01;21;1,02;20,2;1,04;30;1,01;18,49
6;Melbourne;Australian Open;19/01/2022;Grand Slam;Outdoor;Hard;2nd Round;3;Keys M.;Cristian J.;51;69;1153;991;6;2;7;5;;;2;0;Completed;1,2;4,5;1,17;5,66;1,22;6;1,18;4,92
6;Melbourne;Australian Open;19/01/2022;Grand Slam;Outdoor;Hard;2nd Round;3;Pegula J.;Pera B.;21;105;2474;728;6;4;6;4;;;2;0;Completed;1,36;3,2;1,4;3,19;1,45;3,32;1,37;3,07
6;Melbourne;Australian Open;19/01/2022;Grand Slam;Outdoor;Hard;2nd Round;3;Ostapenko J.;Riske A.;27;46;2035;1271;4;6;6;2;6;4;2;1;Completed;1,61;2,3;1,63;2,42;1,67;2,49;1,6;2,34
6;Melbourne;Australian Open;19/01/2022;Grand Slam;Outdoor;Hard;2nd Round;3;Parrizas Diaz N.;Zanevska M.;63;80;1043;892;;;;;;;;;Retired;1,72;2,1;1,68;2,31;1,78;2,4;1,68;2,21
6;Melbourne;Australian Open;19/01/2022;Grand Slam;Outdoor;Hard;2nd Round;3;Wang Q.;Van Uytvanck A.;110;55;714;1125;2;6;7;6;6;3;2;1;Completed;2,37;1,57;2,49;1,59;2,62;1,69;2,39;1,58
6;Melbourne;Australian Open;19/01/2022;Grand Slam;Outdoor;Hard;2nd Round;3;Anisimova A.;Bencic B.;60;22;1060;2415;6;2;7;5;;;2;0;Completed;2,3;1,61;2,42;1,63;2,47;1,65;2,36;1,59
6;Melbourne;Australian Open;19/01/2022;Grand Slam;Outdoor;Hard;2nd Round;3;Kudermetova V.;Ruse E.G.;32;72;1695;951;6;2;7;5;;;2;0;Completed;1,36;3,2;1,38;3,31;1,4;3,4;1,35;3,18
6;Melbourne;Australian Open;19/01/2022;Grand Slam;Outdoor;Hard;2nd Round;3;Krejcikova B.;Wang Xiy.;4;139;5213;547;6;2;6;3;;;2;0;Completed;1,11;6,5;1,1;8,61;1,14;8,61;1,11;6,86
6;Melbourne;Australian Open;19/01/2022;Grand Slam;Outdoor;Hard;2nd Round;3;Osaka N.;Brengle M.;14;54;2696;1132;6;0;6;4;;;2;0;Completed;1,08;8;1,08;9,84;1,11;10,09;1,08;7,93
6;Melbourne;Australian Open;19/01/2022;Grand Slam;Outdoor;Hard;2nd Round;3;Sakkari M.;Zheng Q.;8;108;4071;719;6;1;6;4;;;2;0;Completed;1,25;4;1,3;3,82;1,3;4,33;1,26;3,87
6;Melbourne;Australian Open;20/01/2022;Grand Slam;Outdoor;Hard;2nd Round;3;Vondrousova M.;Samsonova L.;41;37;1447;1577;6;2;7;5;;;2;0;Completed;1,44;2,75;1,55;2,61;1,56;2,8;1,49;2,61
6;Melbourne;Australian Open;20/01/2022;Grand Slam;Outdoor;Hard;2nd Round;3;Tauson C.;Kontaveit A.;39;7;1459;4231;6;2;6;4;;;2;0;Completed;4;1,25;4,08;1,28;4,5;1,28;4,05;1,24
6;Melbourne;Australian Open;20/01/2022;Grand Slam;Outdoor;Hard;2nd Round;3;Swiatek I.;Peterson R.;9;82;3916;871;6;2;6;2;;;2;0;Completed;1,08;8;1,1;8,13;1,12;9,5;1,08;7,99
6;Melbourne;Australian Open;20/01/2022;Grand Slam;Outdoor;Hard;2nd Round;3;Collins D.;Konjuh A.;30;58;1911;1063;6;4;6;3;;;2;0;Completed;1,44;2,75;1,44;2,97;1,49;2,97;1,45;2,76
6;Melbourne;Australian Open;20/01/2022;Grand Slam;Outdoor;Hard;2nd Round;3;Cornet A.;Muguruza G.;61;3;1050;5425;6;3;6;3;;;2;0;Completed;5;1,16;5,89;1,16;6;1,21;5,22;1,16
6;Melbourne;Australian Open;20/01/2022;Grand Slam;Outdoor;Hard;2nd Round;3;Inglis M.;Baptiste H.;133;165;573;420;7;6;2;6;6;2;2;1;Completed;2;1,8;2,07;1,83;2,07;1,9;2,01;1,81
6;Melbourne;Australian Open;20/01/2022;Grand Slam;Outdoor;Hard;2nd Round;3;Sabalenka A.;Wang Xin.;2;100;5698;786;1;6;6;4;6;2;2;1;Completed;1,25;4;1,3;3,85;1,32;4,44;1,25;3,88
6;Melbourne;Australian Open;20/01/2022;Grand Slam;Outdoor;Hard;2nd Round;3;Cirstea S.;Kucova K.;38;96;1502;807;6;2;6;4;;;2;0;Completed;1,33;3,4;1,31;3,75;1,39;3,75;1,31;3,47
6;Melbourne;Australian Open;20/01/2022;Grand Slam;Outdoor;Hard;2nd Round;3;Mertens E.;Begu I.;26;64;2091;1033;6;3;6;2;;;2;0;Completed;1,44;2,75;1,41;3,13;1,48;3,21;1,4;2,94
6;Melbourne;Australian Open;20/01/2022;Grand Slam;Outdoor;Hard;2nd Round;3;Pavlyuchenkova A.;Stosur S.;11;487;2968;97;6;2;6;2;;;2;0;Completed;1,07;9;1,08;9,78;1,11;11;1,07;8,75
6;Melbourne;Australian Open;20/01/2022;Grand Slam;Outdoor;Hard;2nd Round;3;Zidansek T.;Watson H.;29;94;1931;819;7;6;6;4;;;2;0;Completed;1,5;2,62;1,53;2,65;1,67;2,72;1,51;2,59
6;Melbourne;Australian Open;20/01/2022;Grand Slam;Outdoor;Hard;2nd Round;3;Kasatkina D.;Linette M.;23;53;2360;1142;6;2;6;3;;;2;0;Completed;1,25;4;1,27;4,15;1,28;4,5;1,24;4,02
6;Melbourne;Australian Open;20/01/2022;Grand Slam;Outdoor;Hard;2nd Round;3;Zhang S.;Rybakina E.;74;12;946;2765;6;4;1;0;;;1;0;Retired;5,5;1,14;4,65;1,23;5,5;1,23;4,84;1,18
6;Melbourne;Australian Open;20/01/2022;Grand Slam;Outdoor;Hard;2nd Round;3;Kanepi K.;Bouzkova M.;115;86;673;863;6;2;7;6;;;2;0;Completed;1,66;2,2;1,72;2,22;1,8;2,28;1,71;2,15
6;Melbourne;Australian Open;20/01/2022;Grand Slam;Outdoor;Hard;2nd Round;3;Kovinic D.;Raducanu E.;98;18;799;2595;6;4;4;6;6;3;2;1;Completed;5;1,16;5,16;1,2;6,1;1,2;5,22;1,16
6;Melbourne;Australian Open;20/01/2022;Grand Slam;Outdoor;Hard;2nd Round;3;Halep S.;Haddad Maia B.;15;83;2657;868;6;2;6;0;;;2;0;Completed;1,08;8;1,07;10,19;1,1;10,37;1,07;8,69
6;Melbourne;Australian Open;21/01/2022;Grand Slam;Outdoor;Hard;3rd Round;3;Pegula J.;Parrizas Diaz N.;21;63;2474;1043;7;6;6;2;;;2;0;Completed;1,16;5;1,23;4,56;1,26;5;1,21;4,43
6;Melbourne;Australian Open;21/01/2022;Grand Slam;Outdoor;Hard;3rd Round;3;Azarenka V.;Svitolina E.;25;17;2166;2641;6;0;6;2;;;2;0;Completed;1,33;3,4;1,3;3,71;1,35;3,82;1,31;3,46
6;Melbourne;Australian Open;21/01/2022;Grand Slam;Outdoor;Hard;3rd Round;3;Krejcikova B.;Ostapenko J.;4;27;5213;2035;2;6;6;4;6;4;2;1;Completed;1,22;4,33;1,25;4,4;1,25;4,7;1,22;4,21
6;Melbourne;Australian Open;21/01/2022;Grand Slam;Outdoor;Hard;3rd Round;3;Badosa P.;Kostyuk M.;6;66;4264;1030;6;2;5;7;6;4;2;1;Completed;1,22;4,33;1,27;4,13;1,27;4,6;1,23;4,16
6;Melbourne;Australian Open;21/01/2022;Grand Slam;Outdoor;Hard;3rd Round;3;Sakkari M.;Kudermetova V.;8;32;4071;1695;6;4;6;1;;;2;0;Completed;1,5;2,62;1,46;2,89;1,5;3,06;1,43;2,81
6;Melbourne;Australian Open;21/01/2022;Grand Slam;Outdoor;Hard;3rd Round;3;Keys M.;Wang Q.;51;110;1153;714;4;6;6;3;7;6;2;1;Completed;1,2;4,5;1,22;4,82;1,25;4,85;1,21;4,4
6;Melbourne;Australian Open;21/01/2022;Grand Slam;Outdoor;Hard;3rd Round;3;Anisimova A.;Osaka N.;60;14;1060;2696;4;6;6;3;7;6;2;1;Completed;3,2;1,36;3,1;1,41;3,62;1,44;3,11;1,37
6;Melbourne;Australian Open;21/01/2022;Grand Slam;Outdoor;Hard;3rd Round;3;Barty A.;Giorgi C.;1;33;7111;1692;6;2;6;3;;;2;0;Completed;1,07;9;1,06;11,32;1,1;12,5;1,07;9,1
6;Melbourne;Australian Open;22/01/2022;Grand Slam;Outdoor;Hard;3rd Round;3;Cornet A.;Zidansek T.;61;29;1050;1931;4;6;6;4;6;2;2;1;Completed;1,61;2,3;1,6;2,47;1,73;2,47;1,63;2,29
6;Melbourne;Australian Open;22/01/2022;Grand Slam;Outdoor;Hard;3rd Round;3;Collins D.;Tauson C.;30;39;1911;1459;4;6;6;4;7;5;2;1;Completed;2;1,8;2,04;1,85;2,05;1,9;1,98;1,83
6;Melbourne;Australian Open;22/01/2022;Grand Slam;Outdoor;Hard;3rd Round;3;Halep S.;Kovinic D.;15;98;2657;799;6;2;6;1;;;2;0;Completed;1,06;10;1,03;17,54;1,08;17,54;1,05;11,16
6;Melbourne;Australian Open;22/01/2022;Grand Slam;Outdoor;Hard;3rd Round;3;Mertens E.;Zhang S.;26;74;2091;946;6;2;6;2;;;2;0;Completed;1,28;3,75;1,27;4,13;1,34;4,2;1,28;3,67
6;Melbourne;Australian Open;22/01/2022;Grand Slam;Outdoor;Hard;3rd Round;3;Kanepi K.;Inglis M.;115;133;673;573;2;6;6;2;6;0;2;1;Completed;1,28;3,75;1,32;3,67;1,32;3,8;1,29;3,61
6;Melbourne;Australian Open;22/01/2022;Grand Slam;Outdoor;Hard;3rd Round;3;Sabalenka A.;Vondrousova M.;2;41;5698;1447;4;6;6;3;6;1;2;1;Completed;2,2;1,66;2,29;1,68;2,4;1,76;2,2;1,67
6;Melbourne;Australian Open;22/01/2022;Grand Slam;Outdoor;Hard;3rd Round;3;Swiatek I.;Kasatkina D.;9;23;3916;2360;6;2;6;3;;;2;0;Completed;1,36;3,2;1,38;3,3;1,4;3,85;1,35;3,23
6;Melbourne;Australian Open;22/01/2022;Grand Slam;Outdoor;Hard;3rd Round;3;Cirstea S.;Pavlyuchenkova A.;38;11;1502;2968;6;3;2;6;6;2;2;1;Completed;2,5;1,53;2,5;1,59;2,78;1,59;2,5;1,53
6;Melbourne;Australian Open;23/01/2022;Grand Slam;Outdoor;Hard;4th Round;3;Keys M.;Badosa P.;51;6;1153;4264;6;3;6;1;;;2;0;Completed;2,5;1,53;2,39;1,65;2,71;1,65;2,47;1,55
6;Melbourne;Australian Open;23/01/2022;Grand Slam;Outdoor;Hard;4th Round;3;Krejcikova B.;Azarenka V.;4;25;5213;2166;6;2;6;2;;;2;0;Completed;2,75;1,44;2,91;1,47;2,91;1,55;2,75;1,46
6;Melbourne;Australian Open;23/01/2022;Grand Slam;Outdoor;Hard;4th Round;3;Pegula J.;Sakkari M.;21;8;2474;4071;7;6;6;3;;;2;0;Completed;3;1,4;2,95;1,46;3,1;1,46;2,88;1,42
6;Melbourne;Australian Open;23/01/2022;Grand Slam;Outdoor;Hard;4th Round;3;Barty A.;Anisimova A.;1;60;7111;1060;6;4;6;3;;;2;0;Completed;1,2;4,5;1,22;4,82;1,25;5;1,21;4,49
6;Melbourne;Australian Open;24/01/2022;Grand Slam;Outdoor;Hard;4th Round;3;Collins D.;Mertens E.;30;26;1911;2091;4;6;6;4;6;4;2;1;Completed;1,66;2,2;1,71;2,27;1,73;2,35;1,68;2,21
6;Melbourne;Australian Open;24/01/2022;Grand Slam;Outdoor;Hard;4th Round;3;Cornet A.;Halep S.;61;15;1050;2657;6;4;3;6;6;4;2;1;Completed;6;1,12;6,75;1,14;7,59;1,14;6,41;1,12
6;Melbourne;Australian Open;24/01/2022;Grand Slam;Outdoor;Hard;4th Round;3;Swiatek I.;Cirstea S.;9;38;3916;1502;5;7;6;3;6;3;2;1;Completed;1,16;5;1,18;5,74;1,21;5,75;1,16;5,22
6;Melbourne;Australian Open;24/01/2022;Grand Slam;Outdoor;Hard;4th Round;3;Kanepi K.;Sabalenka A.;115;2;673;5698;5;7;6;2;7;6;2;1;Completed;3,2;1,36;3,1;1,43;3,43;1,43;3,13;1,37
6;Melbourne;Australian Open;25/01/2022;Grand Slam;Outdoor;Hard;Quarterfinals;3;Keys M.;Krejcikova B.;51;4;1153;5213;6;3;6;2;;;2;0;Completed;2;1,8;2,11;1,81;2,19;1,84;2,04;1,78
6;Melbourne;Australian Open;25/01/2022;Grand Slam;Outdoor;Hard;Quarterfinals;3;Barty A.;Pegula J.;1;21;7111;2474;6;2;6;0;;;2;0;Completed;1,11;6,5;1,13;7,05;1,16;7,05;1,12;6,34
6;Melbourne;Australian Open;26/01/2022;Grand Slam;Outdoor;Hard;Quarterfinals;3;Collins D.;Cornet A.;30;61;1911;1050;7;5;6;1;;;2;0;Completed;1,36;3,2;1,4;3,25;1,4;3,32;1,37;3,14
6;Melbourne;Australian Open;26/01/2022;Grand Slam;Outdoor;Hard;Quarterfinals;3;Swiatek I.;Kanepi K.;9;115;3916;673;4;6;7;6;6;3;2;1;Completed;1,25;4;1,25;4,5;1,27;4,7;1,23;4,22
6;Melbourne;Australian Open;27/01/2022;Grand Slam;Outdoor;Hard;Semifinals;3;Barty A.;Keys M.;1;51;7111;1153;6;1;6;3;;;2;0;Completed;1,2;4,5;1,24;4,55;1,28;4,73;1,22;4,3
6;Melbourne;Australian Open;27/01/2022;Grand Slam;Outdoor;Hard;Semifinals;3;Collins D.;Swiatek I.;30;9;1911;3916;6;4;6;1;;;2;0;Completed;2,2;1,66;2,4;1,65;2,47;1,7;2,3;1,63
6;Melbourne;Australian Open;29/01/2022;Grand Slam;Outdoor;Hard;The Final;3;Barty A.;Collins D.;1;30;7111;1911;6;3;7;6;;;2;0;Completed;1,2;4,8;1,22;4,83;1,26;5;1,21;4,51
7;St. Petersburg;Ladies Trophy;07/02/2022;WTA500;Indoor;Hard;1st Round;3;Alexandrova E.;Giorgi C.;43;30;1236;1692;6;2;1;6;6;2;2;1;Completed;2,1;1,72;2,24;1,72;2,4;1,75;2,14;1,7
7;St. Petersburg;Ladies Trophy;07/02/2022;WTA500;Indoor;Hard;1st Round;3;Mertens E.;Cornet A.;26;37;2091;1410;3;6;6;2;6;4;2;1;Completed;1,44;2,75;1,49;2,79;1,49;3,1;1,44;2,73
7;St. Petersburg;Ladies Trophy;07/02/2022;WTA500;Indoor;Hard;1st Round;3;Kontaveit A.;Teichmann J.;9;35;3871;1470;6;3;1;6;6;3;2;1;Completed;1,14;5,5;1,16;6,04;1,22;6,25;1,14;5,48
7;St. Petersburg;Ladies Trophy;07/02/2022;WTA500;Indoor;Hard;1st Round;3;Bencic B.;Kudermetova V.;24;29;2110;1695;6;2;4;6;7;6;2;1;Completed;1,57;2,37;1,57;2,55;1,68;2,55;1,57;2,4
7;St. Petersburg;Ladies Trophy;07/02/2022;WTA500;Indoor;Hard;1st Round;3;Sasnovich A.;Linette M.;71;45;923;1202;7;5;4;6;6;4;2;1;Completed;1,53;2,5;1,58;2,51;1,73;2,6;1,56;2,41
7;St. Petersburg;Ladies Trophy;07/02/2022;WTA500;Indoor;Hard;1st Round;3;Kvitova P.;Niemeier J.;23;118;2110;596;6;2;6;1;;;2;0;Completed;1,44;2,75;1,46;2,91;1,5;2,91;1,44;2,74
7;St. Petersburg;Ladies Trophy;07/02/2022;WTA500;Indoor;Hard;1st Round;3;Cristian J.;Pera B.;58;100;1013;728;7;6;6;4;;;2;0;Completed;;;;;1,5;2,4;1,5;2,4
7;St. Petersburg;Ladies Trophy;07/02/2022;WTA500;Indoor;Hard;1st Round;3;Petkovic A.;Peterson R.;65;74;949;901;7;6;6;2;;;2;0;Completed;2,75;1,44;2,92;1,46;3;1,47;2,79;1,43
7;St. Petersburg;Ladies Trophy;08/02/2022;WTA500;Indoor;Hard;1st Round;3;Ostapenko J.;Wang Xin.;25;86;2095;826;6;1;6;4;;;2;0;Completed;1,36;3,2;1,31;3,75;1,39;3,8;1,32;3,37
7;St. Petersburg;Ladies Trophy;08/02/2022;WTA500;Indoor;Hard;1st Round;3;Cirstea S.;Vondrousova M.;31;38;1612;1337;7;5;3;6;6;4;2;1;Completed;3;1,4;3,22;1,39;3,22;1,42;2,99;1,38
7;St. Petersburg;Ladies Trophy;08/02/2022;WTA500;Indoor;Hard;1st Round;3;Martincova T.;Zvonareva V.;42;82;1248;846;2;6;6;1;6;4;2;1;Completed;2,2;1,66;2,28;1,69;2,38;1,73;2,19;1,66
7;St. Petersburg;Ladies Trophy;08/02/2022;WTA500;Indoor;Hard;1st Round;3;Martic P.;Rakhimova K.;70;104;924;686;6;4;2;6;6;4;2;1;Completed;2,1;1,72;2,18;1,76;2,22;1,8;2,11;1,73
7;St. Petersburg;Ladies Trophy;08/02/2022;WTA500;Indoor;Hard;1st Round;3;Sakkari M.;Potapova A.;7;75;4071;895;6;4;6;4;;;2;0;Completed;1,16;5;1,23;4,65;1,23;5,4;1,19;4,64
7;St. Petersburg;Ladies Trophy;08/02/2022;WTA500;Indoor;Hard;1st Round;3;Juvan K.;Van Uytvanck A.;102;52;697;1125;4;6;6;4;6;3;2;1;Completed;2,5;1,53;2,64;1,54;2,64;1,61;2,48;1,53
7;St. Petersburg;Ladies Trophy;08/02/2022;WTA500;Indoor;Hard;1st Round;3;Begu I.;Zhang S.;56;67;1043;946;6;3;6;1;;;2;0;Completed;1,66;2,2;1,64;2,38;1,73;2,4;1,65;2,23
7;St. Petersburg;Ladies Trophy;08/02/2022;WTA500;Indoor;Hard;1st Round;3;Rybakina E.;Gracheva V.;12;81;2705;847;6;2;6;1;;;2;0;Completed;1,2;4,5;1,19;5,21;1,24;5,21;1,19;4,55
7;St. Petersburg;Ladies Trophy;08/02/2022;WTA500;Indoor;Hard;2nd Round;3;Kontaveit A.;Cirstea S.;9;31;3871;1612;6;4;7;5;;;2;0;Completed;1,3;3,5;1,32;3,72;1,37;3,75;1,3;3,5
7;St. Petersburg;Ladies Trophy;08/02/2022;WTA500;Indoor;Hard;2nd Round;3;Mertens E.;Martic P.;26;70;2091;924;6;4;3;6;6;2;2;1;Completed;1,22;4,33;1,23;4,79;1,29;4,79;1,21;4,33
7;St. Petersburg;Ladies Trophy;08/02/2022;WTA500;Indoor;Hard;2nd Round;3;Sakkari M.;Alexandrova E.;7;43;4071;1236;6;2;6;4;;;2;0;Completed;1,5;2,62;1,54;2,66;1,54;2,81;1,5;2,57
7;St. Petersburg;Ladies Trophy;09/02/2022;WTA500;Indoor;Hard;2nd Round;3;Bencic B.;Juvan K.;24;102;2110;697;6;1;7;6;;;2;0;Completed;1,22;4,33;1,29;4,03;1,29;4,5;1,24;3,93
7;St. Petersburg;Ladies Trophy;09/02/2022;WTA500;Indoor;Hard;2nd Round;3;Martincova T.;Rybakina E.;42;12;1248;2705;;;;;;;;;Walkover;4,5;1,2;4,74;1,23;4,9;1,23;4,45;1,2
7;St. Petersburg;Ladies Trophy;09/02/2022;WTA500;Indoor;Hard;2nd Round;3;Begu I.;Kvitova P.;56;23;1043;2110;6;4;6;0;;;2;0;Completed;3,2;1,36;3,25;1,4;3,32;1,41;3,11;1,36
7;St. Petersburg;Ladies Trophy;09/02/2022;WTA500;Indoor;Hard;2nd Round;3;Sasnovich A.;Cristian J.;71;58;923;1013;6;2;6;3;;;2;0;Completed;1,61;2,3;1,59;2,53;1,65;2,53;1,59;2,35
7;St. Petersburg;Ladies Trophy;09/02/2022;WTA500;Indoor;Hard;2nd Round;3;Ostapenko J.;Petkovic A.;25;65;2095;949;6;1;6;2;;;2;0;Completed;1,36;3,2;1,39;3,29;1,39;3,4;1,35;3,16
7;St. Petersburg;Ladies Trophy;10/02/2022;WTA500;Indoor;Hard;Quarterfinals;3;Begu I.;Martincova T.;56;42;1043;1248;6;4;6;2;;;2;0;Completed;1,61;2,3;1,71;2,27;1,72;2,33;1,64;2,25
7;St. Petersburg;Ladies Trophy;10/02/2022;WTA500;Indoor;Hard;Quarterfinals;3;Sakkari M.;Mertens E.;7;26;4071;2091;7;6;6;2;;;2;0;Completed;1,53;2,5;1,52;2,72;1,57;2,85;1,5;2,58
7;St. Petersburg;Ladies Trophy;10/02/2022;WTA500;Indoor;Hard;Quarterfinals;3;Ostapenko J.;Sasnovich A.;25;71;2095;923;7;6;4;6;6;3;2;1;Completed;1,44;2,75;1,47;2,92;1,49;3,25;1,43;2,8
7;St. Petersburg;Ladies Trophy;10/02/2022;WTA500;Indoor;Hard;Quarterfinals;3;Kontaveit A.;Bencic B.;9;24;3871;2110;7;6;6;2;;;2;0;Completed;1,44;2,75;1,54;2,66;1,54;3,1;1,47;2,65
7;St. Petersburg;Ladies Trophy;11/02/2022;WTA500;Indoor;Hard;Semifinals;3;Sakkari M.;Begu I.;7;56;4071;1043;6;4;6;7;6;4;2;1;Completed;1,3;3,5;1,34;3,61;1,34;3,75;1,3;3,47
7;St. Petersburg;Ladies Trophy;11/02/2022;WTA500;Indoor;Hard;Semifinals;3;Kontaveit A.;Ostapenko J.;9;25;3871;2095;6;3;6;4;;;2;0;Completed;1,44;2,75;1,42;3,13;1,49;3,13;1,43;2,82
7;St. Petersburg;Ladies Trophy;11/02/2022;WTA500;Indoor;Hard;The Final;3;Kontaveit A.;Sakkari M.;9;7;3871;4071;5;7;7;6;7;5;2;1;Completed;1,5;2,62;1,52;2,72;1,57;2,72;1,5;2,59
8;Dubai;Dubai Duty Free Tennis Championships;14/02/2022;WTA500;Outdoor;Hard;1st Round;3;Krejcikova B.;Garcia C.;3;70;5533;930;6;4;7;6;;;2;0;Completed;1,14;5,5;1,19;5,14;1,19;6,3;1,15;5,29
8;Dubai;Dubai Duty Free Tennis Championships;14/02/2022;WTA500;Outdoor;Hard;1st Round;3;Swiatek I.;Kasatkina D.;9;28;3986;1760;6;1;6;2;;;2;0;Completed;1,28;3,75;1,31;3,69;1,33;3,85;1,28;3,64
8;Dubai;Dubai Duty Free Tennis Championships;14/02/2022;WTA500;Outdoor;Hard;1st Round;3;Pegula J.;Gauff C.;14;20;2474;2231;6;4;6;4;;;2;0;Completed;1,72;2,1;1,82;2,06;1,87;2,2;1,76;2,06
8;Dubai;Dubai Duty Free Tennis Championships;14/02/2022;WTA500;Outdoor;Hard;1st Round;3;Halep S.;Riske A.;23;53;2117;1101;6;2;6;4;;;2;0;Completed;1,16;5;1,17;5,83;1,18;5,83;1,16;5,11
8;Dubai;Dubai Duty Free Tennis Championships;14/02/2022;WTA500;Outdoor;Hard;1st Round;3;Kvitova P.;Giorgi C.;25;29;2065;1692;6;2;6;0;;;2;0;Completed;2,1;1,72;2,04;1,84;2,17;1,9;2,05;1,77
8;Dubai;Dubai Duty Free Tennis Championships;15/02/2022;WTA500;Outdoor;Hard;1st Round;3;Yastremska D.;Begu I.;146;54;442;1088;4;6;6;2;6;3;2;1;Completed;1,9;1,9;1,88;2,1;2,1;2,13;1,85;1,94
8;Dubai;Dubai Duty Free Tennis Championships;15/02/2022;WTA500;Outdoor;Hard;1st Round;3;Ostapenko J.;Kenin S.;21;90;2225;771;6;1;6;2;;;2;0;Completed;1,66;2,2;1,68;2,28;1,73;2,38;1,66;2,21
8;Dubai;Dubai Duty Free Tennis Championships;15/02/2022;WTA500;Outdoor;Hard;1st Round;3;Ruse E.G.;Badosa P.;59;5;991;4429;6;3;5;7;6;4;2;1;Completed;5;1,16;5,23;1,19;6;1,22;5,05;1,16
8;Dubai;Dubai Duty Free Tennis Championships;15/02/2022;WTA500;Outdoor;Hard;1st Round;3;Svitolina E.;Sherif M.;15;322;2472;149;6;2;6;3;;;2;0;Completed;1,12;6;1,14;6,58;1,16;6,58;1,13;5,82
8;Dubai;Dubai Duty Free Tennis Championships;15/02/2022;WTA500;Outdoor;Hard;1st Round;3;Teichmann J.;Mertens E.;35;22;1470;2190;6;2;6;4;;;2;0;Completed;3;1,4;3,15;1,4;3,26;1,45;2,94;1,4
8;Dubai;Dubai Duty Free Tennis Championships;15/02/2022;WTA500;Outdoor;Hard;1st Round;3;Jabeur O.;Zvonareva V.;10;103;3070;681;6;2;2;6;7;5;2;1;Completed;1,25;4;1,34;3,48;1,34;4,65;1,25;3,88
8;Dubai;Dubai Duty Free Tennis Championships;15/02/2022;WTA500;Outdoor;Hard;1st Round;3;Gracheva V.;Tomljanovic A.;80;39;847;1310;6;1;7;5;;;2;0;Completed;2,1;1,72;2,34;1,67;2,34;1,75;2,19;1,67
8;Dubai;Dubai Duty Free Tennis Championships;15/02/2022;WTA500;Outdoor;Hard;1st Round;3;Kudermetova V.;Azarenka V.;31;17;1655;2396;6;3;6;4;;;2;0;Completed;3,75;1,28;3,76;1,27;4,65;1,33;3,77;1,26
8;Dubai;Dubai Duty Free Tennis Championships;15/02/2022;WTA500;Outdoor;Hard;1st Round;3;Collins D.;Vondrousova M.;11;38;2971;1337;6;2;0;3;;;1;0;Retired;1,53;2,5;1,56;2,56;1,65;2,58;1,56;2,42
8;Dubai;Dubai Duty Free Tennis Championships;15/02/2022;WTA500;Outdoor;Hard;1st Round;3;Muguruza G.;Siniakova K.;7;45;4195;1175;7;6;2;6;6;2;2;1;Completed;1,36;3,2;1,39;3,25;1,4;3,32;1,35;3,15
8;Dubai;Dubai Duty Free Tennis Championships;15/02/2022;WTA500;Outdoor;Hard;1st Round;3;Sabalenka A.;Kostyuk M.;2;49;5698;1135;6;4;6;1;;;2;0;Completed;1,5;2,62;1,57;2,54;1,58;2,63;1,52;2,49
8;Dubai;Dubai Duty Free Tennis Championships;16/02/2022;WTA500;Outdoor;Hard;2nd Round;3;Ostapenko J.;Swiatek I.;21;9;2225;3986;4;6;6;1;7;6;2;1;Completed;3;1,4;3,03;1,44;3,03;1,45;2,92;1,4
8;Dubai;Dubai Duty Free Tennis Championships;16/02/2022;WTA500;Outdoor;Hard;2nd Round;3;Teichmann J.;Svitolina E.;35;15;1470;2472;7;6;6;2;;;2;0;Completed;2,2;1,66;2,3;1,69;2,4;1,69;2,21;1,65
8;Dubai;Dubai Duty Free Tennis Championships;16/02/2022;WTA500;Outdoor;Hard;2nd Round;3;Kudermetova V.;Muguruza G.;31;7;1655;4195;3;6;6;4;6;4;2;1;Completed;2,62;1,5;2,74;1,52;2,96;1,53;2,62;1,49
8;Dubai;Dubai Duty Free Tennis Championships;16/02/2022;WTA500;Outdoor;Hard;2nd Round;3;Yastremska D.;Krejcikova B.;146;3;442;5533;6;3;7;6;;;2;0;Completed;4;1,25;4,25;1,27;4,25;1,32;3,93;1,25
8;Dubai;Dubai Duty Free Tennis Championships;16/02/2022;WTA500;Outdoor;Hard;2nd Round;3;Kvitova P.;Sabalenka A.;25;2;2065;5698;6;4;6;4;;;2;0;Completed;2,62;1,5;2,73;1,52;2,75;1,54;2,59;1,49
8;Dubai;Dubai Duty Free Tennis Championships;16/02/2022;WTA500;Outdoor;Hard;2nd Round;3;Vondrousova M.;Gracheva V.;38;80;1337;847;6;2;6;0;;;2;0;Completed;1,25;4;1,27;4,24;1,32;4,24;1,24;3,92
8;Dubai;Dubai Duty Free Tennis Championships;16/02/2022;WTA500;Outdoor;Hard;2nd Round;3;Jabeur O.;Pegula J.;10;14;3070;2474;6;3;6;1;;;2;0;Completed;2,37;1,57;2,31;1,69;2,4;1,69;2,25;1,63
8;Dubai;Dubai Duty Free Tennis Championships;16/02/2022;WTA500;Outdoor;Hard;2nd Round;3;Halep S.;Ruse E.G.;23;59;2117;991;6;3;6;2;;;2;0;Completed;1,11;6,5;1,12;7,76;1,24;7,76;1,11;6,41
8;Dubai;Dubai Duty Free Tennis Championships;17/02/2022;WTA500;Outdoor;Hard;Quarterfinals;3;Ostapenko J.;Kvitova P.;21;25;2225;2065;5;7;7;5;7;6;2;1;Completed;2;1,8;1,97;1,93;2,19;1,93;2;1,81
8;Dubai;Dubai Duty Free Tennis Championships;17/02/2022;WTA500;Outdoor;Hard;Quarterfinals;3;Kudermetova V.;Teichmann J.;31;35;1655;1470;6;2;5;7;6;4;2;1;Completed;1,66;2,2;1,68;2,32;1,7;2,38;1,63;2,25
8;Dubai;Dubai Duty Free Tennis Championships;17/02/2022;WTA500;Outdoor;Hard;Quarterfinals;3;Halep S.;Jabeur O.;23;10;2117;3070;6;4;6;3;;;2;0;Completed;1,44;2,75;1,44;3,03;1,5;3,03;1,45;2,73
8;Dubai;Dubai Duty Free Tennis Championships;17/02/2022;WTA500;Outdoor;Hard;Quarterfinals;3;Vondrousova M.;Yastremska D.;38;146;1337;442;7;5;6;4;;;2;0;Completed;1,57;2,37;1,58;2,56;1,7;2,56;1,59;2,34
8;Dubai;Dubai Duty Free Tennis Championships;18/02/2022;WTA500;Outdoor;Hard;Semifinals;3;Ostapenko J.;Halep S.;21;23;2225;2117;2;6;7;6;6;0;2;1;Completed;3,4;1,33;3,33;1,38;3,41;1,5;3,18;1,35
8;Dubai;Dubai Duty Free Tennis Championships;18/02/2022;WTA500;Outdoor;Hard;Semifinals;3;Vondrousova M.;Kudermetova V.;38;31;1337;1655;;;;;;;;;Retired;1,57;2,37;1,64;2,41;1,67;2,45;1,6;2,34
8;Dubai;Dubai Duty Free Tennis Championships;19/02/2022;WTA500;Outdoor;Hard;The Final;3;Ostapenko J.;Kudermetova V.;21;31;2225;1655;6;0;6;4;;;2;0;Completed;1,53;2,5;1,6;2,5;1,6;2,63;1,53;2,5
9;Doha;Qatar Open;20/02/2022;WTA1000;Outdoor;Hard;1st Round;3;Cirstea S.;Sherif M.;31;64;1607;949;6;2;6;1;;;2;0;Completed;1,22;4,33;1,23;4,57;1,24;5;1,21;4,26
9;Doha;Qatar Open;20/02/2022;WTA1000;Outdoor;Hard;1st Round;3;Van Uytvanck A.;Zvonareva V.;53;103;1083;676;6;4;6;4;;;2;0;Completed;1,9;1,9;1,84;2,06;1,91;2,13;1,82;1,97
9;Doha;Qatar Open;20/02/2022;WTA1000;Outdoor;Hard;1st Round;3;Tauson C.;Bencic B.;33;22;1536;2060;6;4;3;6;6;3;2;1;Completed;2;1,8;2,13;1,81;2,2;1,89;2,05;1,76
9;Doha;Qatar Open;20/02/2022;WTA1000;Outdoor;Hard;1st Round;3;Konjuh A.;Kostyuk M.;51;54;1103;1080;4;6;7;5;6;3;2;1;Completed;2,75;1,44;3,05;1,43;3,1;1,52;2,83;1,42
9;Doha;Qatar Open;20/02/2022;WTA1000;Outdoor;Hard;1st Round;3;Brengle M.;Oz I.;60;277;982;247;7;5;6;3;;;2;0;Completed;1,06;10;1,07;10,37;1,08;12,25;1,06;8,93
9;Doha;Qatar Open;20/02/2022;WTA1000;Outdoor;Hard;1st Round;3;Li A.;Kenin S.;58;89;999;771;6;3;6;7;6;3;2;1;Completed;2;1,8;2,05;1,85;2,26;1,92;2;1,81
9;Doha;Qatar Open;20/02/2022;WTA1000;Outdoor;Hard;1st Round;3;Juvan K.;Voegele S.;90;154;765;424;6;4;6;2;;;2;0;Completed;1,3;3,5;1,29;3,91;1,32;4,71;1,28;3,61
9;Doha;Qatar Open;20/02/2022;WTA1000;Outdoor;Hard;1st Round;3;Pegula J.;Siniakova K.;17;48;2339;1120;6;3;6;2;;;2;0;Completed;1,4;3;1,42;3,08;1,5;3,08;1,4;2,91
9;Doha;Qatar Open;20/02/2022;WTA1000;Outdoor;Hard;1st Round;3;Sasnovich A.;Zhang S.;61;65;968;946;6;1;6;1;;;2;0;Completed;1,4;3;1,37;3,35;1,42;3,35;1,36;3,08
9;Doha;Qatar Open;20/02/2022;WTA1000;Outdoor;Hard;1st Round;3;Azarenka V.;Putintseva Y.;16;39;2397;1255;5;7;6;2;7;5;2;1;Completed;1,33;3,4;1,35;3,49;1,35;3,98;1,32;3,34
9;Doha;Qatar Open;20/02/2022;WTA1000;Outdoor;Hard;1st Round;3;Anisimova A.;Haddad Maia B.;40;70;1245;913;7;5;6;4;;;2;0;Completed;1,25;4;1,25;4,33;1,3;4,54;1,24;4,03
9;Doha;Qatar Open;20/02/2022;WTA1000;Outdoor;Hard;1st Round;3;Cornet A.;Samsonova L.;37;34;1330;1532;3;6;6;4;7;5;2;1;Completed;2,1;1,72;2,07;1,83;2,1;1,98;2,02;1,79
9;Doha;Qatar Open;21/02/2022;WTA1000;Outdoor;Hard;1st Round;3;Martincova T.;Svitolina E.;42;15;1206;2526;6;7;7;5;7;6;2;1;Completed;3,2;1,36;3,2;1,4;3,84;1,4;3,22;1,34
9;Doha;Qatar Open;21/02/2022;WTA1000;Outdoor;Hard;1st Round;3;Ostapenko J.;Dodin O.;13;93;2635;751;6;4;6;2;;;2;0;Completed;1,12;6;1,19;5,25;1,24;6,15;1,15;5,34
9;Doha;Qatar Open;21/02/2022;WTA1000;Outdoor;Hard;1st Round;3;Golubic V.;Petkovic A.;36;59;1413;992;6;4;6;4;;;2;0;Completed;1,72;2,1;1,88;2,01;1,99;2,15;1,79;2,02
9;Doha;Qatar Open;21/02/2022;WTA1000;Outdoor;Hard;1st Round;3;Linette M.;Riske A.;67;52;935;1101;2;6;7;6;6;1;2;1;Completed;2,5;1,53;2,5;1,59;2,7;1,59;2,46;1,54
9;Doha;Qatar Open;21/02/2022;WTA1000;Outdoor;Hard;1st Round;3;Garcia C.;Halep S.;76;27;855;1832;6;4;6;3;;;2;0;Completed;7;1,1;8,16;1,1;8,7;1,13;7,23;1,09
9;Doha;Qatar Open;21/02/2022;WTA1000;Outdoor;Hard;1st Round;3;Kasatkina D.;Tomljanovic A.;28;38;1760;1310;6;4;6;7;6;2;2;1;Completed;1,4;3;1,46;2,9;1,46;3,38;1,4;2,92
9;Doha;Qatar Open;21/02/2022;WTA1000;Outdoor;Hard;1st Round;3;Gauff C.;Rogers S.;23;46;2051;1124;6;2;6;3;;;2;0;Completed;1,5;2,62;1,51;2,74;1,55;2,77;1,47;2,64
9;Doha;Qatar Open;21/02/2022;WTA1000;Outdoor;Hard;1st Round;3;Mertens E.;Paolini J.;26;44;1841;1153;6;3;2;6;7;5;2;1;Completed;1,22;4,33;1,23;4,6;1,25;4,6;1,22;4,26
9;Doha;Qatar Open;21/02/2022;WTA1000;Outdoor;Hard;1st Round;3;Kvitova P.;Begu I.;21;55;2110;1059;6;3;6;1;;;2;0;Completed;1,44;2,75;1,47;2,87;1,47;3,1;1,42;2,84
9;Doha;Qatar Open;21/02/2022;WTA1000;Outdoor;Hard;1st Round;3;Teichmann J.;Kerber A.;41;18;1238;2286;4;6;6;3;6;2;2;1;Completed;1,9;1,9;1,84;2,03;2,02;2,04;1,84;1,95
9;Doha;Qatar Open;21/02/2022;WTA1000;Outdoor;Hard;1st Round;3;Cristian J.;Rybakina E.;71;20;911;2205;6;4;6;3;;;2;0;Completed;4,5;1,2;4,98;1,21;5,09;1,22;4,55;1,19
9;Doha;Qatar Open;21/02/2022;WTA1000;Outdoor;Hard;1st Round;3;Rus A.;Kudermetova V.;66;25;938;1880;7;6;6;4;;;2;0;Completed;4;1,25;4,32;1,25;4,33;1,25;4,03;1,23
9;Doha;Qatar Open;21/02/2022;WTA1000;Outdoor;Hard;2nd Round;3;Muguruza G.;Cirstea S.;9;31;3350;1607;7;6;6;1;;;2;0;Completed;1,44;2,75;1,51;2,75;1,51;2,85;1,46;2,68
9;Doha;Qatar Open;21/02/2022;WTA1000;Outdoor;Hard;2nd Round;3;Kontaveit A.;Konjuh A.;7;51;4137;1103;6;2;6;3;;;2;0;Completed;1,22;4,33;1,22;4,86;1,3;5;1,21;4,41
9;Doha;Qatar Open;22/02/2022;WTA1000;Outdoor;Hard;2nd Round;3;Badosa P.;Tauson C.;78;33;821;1536;6;1;6;2;;;2;0;Completed;1,5;2,62;1,51;2,76;1,56;3;1,49;2,59
9;Doha;Qatar Open;22/02/2022;WTA1000;Outdoor;Hard;2nd Round;3;Mertens E.;Kvitova P.;26;21;1841;2110;7;5;1;2;;;1;0;Retired;2,62;1,5;2,64;1,55;2,95;1,55;2,65;1,48
9;Doha;Qatar Open;22/02/2022;WTA1000;Outdoor;Hard;2nd Round;3;Kasatkina D.;Cristian J.;28;71;1760;911;2;6;2;2;;;0;1;Retired;1,36;3,2;1,36;3,43;1,42;3,43;1,34;3,23
9;Doha;Qatar Open;22/02/2022;WTA1000;Outdoor;Hard;2nd Round;3;Pegula J.;Juvan K.;17;90;2339;765;6;3;6;3;;;2;0;Completed;1,33;3,4;1,37;3,38;1,38;3,68;1,32;3,38
9;Doha;Qatar Open;22/02/2022;WTA1000;Outdoor;Hard;2nd Round;3;Krejcikova B.;Linette M.;3;67;5003;935;6;1;6;3;;;2;0;Completed;1,2;4,5;1,21;5,03;1,22;5,07;1,2;4,55
9;Doha;Qatar Open;22/02/2022;WTA1000;Outdoor;Hard;2nd Round;3;Gauff C.;Garcia C.;23;76;2051;855;6;2;7;6;;;2;0;Completed;1,33;3,4;1,33;3,67;1,39;3,67;1,32;3,34
9;Doha;Qatar Open;22/02/2022;WTA1000;Outdoor;Hard;2nd Round;3;Martincova T.;Rus A.;42;66;1206;938;6;2;6;4;;;2;0;Completed;1,66;2,2;1,7;2,28;1,74;2,3;1,67;2,19
9;Doha;Qatar Open;22/02/2022;WTA1000;Outdoor;Hard;2nd Round;3;Jabeur O.;Sasnovich A.;10;61;3065;968;1;6;7;5;6;3;2;1;Completed;1,5;2,62;1,6;2,52;1,61;2,7;1,53;2,48
9;Doha;Qatar Open;22/02/2022;WTA1000;Outdoor;Hard;2nd Round;3;Ostapenko J.;Anisimova A.;13;40;2635;1245;6;3;4;6;6;4;2;1;Completed;1,8;2;1,81;2,11;1,87;2,5;1,77;2,04
9;Doha;Qatar Open;22/02/2022;WTA1000;Outdoor;Hard;2nd Round;3;Teichmann J.;Van Uytvanck A.;41;53;1238;1083;7;6;7;5;;;2;0;Completed;1,36;3,2;1,42;3,11;1,53;3,27;1,42;2,85
9;Doha;Qatar Open;22/02/2022;WTA1000;Outdoor;Hard;2nd Round;3;Brengle M.;Azarenka V.;60;16;982;2397;;;;;;;;;Walkover;5;1,16;5,96;1,17;6,15;1,2;5,3;1,15
9;Doha;Qatar Open;22/02/2022;WTA1000;Outdoor;Hard;2nd Round;3;Sabalenka A.;Cornet A.;2;37;5563;1330;6;2;6;2;;;2;0;Completed;1,36;3,2;1,39;3,29;1,39;3,52;1,34;3,21
9;Doha;Qatar Open;22/02/2022;WTA1000;Outdoor;Hard;2nd Round;3;Swiatek I.;Golubic V.;8;36;3936;1413;6;2;3;6;6;2;2;1;Completed;1,16;5;1,17;5,99;1,18;6;1,16;5,21
9;Doha;Qatar Open;22/02/2022;WTA1000;Outdoor;Hard;2nd Round;3;Sakkari M.;Li A.;6;58;4191;999;6;3;6;3;;;2;0;Completed;1,2;4,5;1,27;4,26;1,27;5;1,21;4,32
9;Doha;Qatar Open;23/02/2022;WTA1000;Outdoor;Hard;3rd Round;3;Gauff C.;Badosa P.;23;78;2051;821;6;2;6;3;;;2;0;Completed;3;1,4;3,08;1,43;3,08;1,45;2,86;1,42
9;Doha;Qatar Open;23/02/2022;WTA1000;Outdoor;Hard;3rd Round;3;Kontaveit A.;Mertens E.;7;26;4137;1841;6;3;0;6;6;2;2;1;Completed;1,36;3,2;1,41;3,17;1,42;3,38;1,37;3,08
9;Doha;Qatar Open;23/02/2022;WTA1000;Outdoor;Hard;3rd Round;3;Ostapenko J.;Krejcikova B.;13;3;2635;5003;6;3;6;2;;;2;0;Completed;2,3;1,61;2,4;1,65;2,51;1,67;2,29;1,61
9;Doha;Qatar Open;23/02/2022;WTA1000;Outdoor;Hard;3rd Round;3;Jabeur O.;Martincova T.;10;42;3065;1206;6;1;3;6;6;3;2;1;Completed;1,25;4;1,3;3,94;1,3;4,1;1,27;3,75
9;Doha;Qatar Open;23/02/2022;WTA1000;Outdoor;Hard;3rd Round;3;Sakkari M.;Pegula J.;6;17;4191;2339;6;4;7;5;;;2;0;Completed;1,57;2,37;1,61;2,49;1,65;2,49;1,57;2,37
9;Doha;Qatar Open;23/02/2022;WTA1000;Outdoor;Hard;3rd Round;3;Sabalenka A.;Teichmann J.;2;41;5563;1238;6;2;6;1;;;2;0;Completed;1,4;3;1,4;3,23;1,42;3,38;1,39;3
9;Doha;Qatar Open;23/02/2022;WTA1000;Outdoor;Hard;3rd Round;3;Swiatek I.;Kasatkina D.;8;28;3936;1760;6;3;6;0;;;2;0;Completed;1,22;4,33;1,25;4,38;1,25;4,6;1,22;4,25
9;Doha;Qatar Open;23/02/2022;WTA1000;Outdoor;Hard;3rd Round;3;Muguruza G.;Brengle M.;9;60;3350;982;6;0;6;2;;;2;0;Completed;1,14;5,5;1,19;5,37;1,19;10;1,15;5,59
9;Doha;Qatar Open;24/02/2022;WTA1000;Outdoor;Hard;Quarterfinals;3;Sakkari M.;Gauff C.;6;23;4191;2051;6;3;6;3;;;2;0;Completed;1,57;2,37;1,57;2,59;1,69;2,59;1,58;2,37
9;Doha;Qatar Open;24/02/2022;WTA1000;Outdoor;Hard;Quarterfinals;3;Kontaveit A.;Jabeur O.;7;10;4137;3065;6;4;6;1;;;2;0;Completed;1,57;2,37;1,53;2,69;1,6;2,71;1,53;2,5
9;Doha;Qatar Open;24/02/2022;WTA1000;Outdoor;Hard;Quarterfinals;3;Ostapenko J.;Muguruza G.;13;9;2635;3350;6;2;6;2;;;2;0;Completed;2,1;1,72;2,12;1,81;2,22;1,81;2,09;1,74
9;Doha;Qatar Open;24/02/2022;WTA1000;Outdoor;Hard;Quarterfinals;3;Swiatek I.;Sabalenka A.;8;2;3936;5563;6;2;6;3;;;2;0;Completed;2,2;1,66;2,21;1,75;2,34;1,78;2,17;1,7
9;Doha;Qatar Open;25/02/2022;WTA1000;Outdoor;Hard;Semifinals;3;Kontaveit A.;Ostapenko J.;7;13;4137;2635;6;1;6;4;;;2;0;Completed;1,57;2,37;1,58;2,55;1,62;2,7;1,57;2,41
9;Doha;Qatar Open;25/02/2022;WTA1000;Outdoor;Hard;Semifinals;3;Swiatek I.;Sakkari M.;8;6;3936;4191;6;4;6;3;;;2;0;Completed;2,1;1,72;2,13;1,8;2,25;1,83;2,13;1,72
9;Doha;Qatar Open;26/02/2022;WTA1000;Outdoor;Hard;The Final;3;Swiatek I.;Kontaveit A.;8;7;3936;4137;6;2;6;0;;;2;0;Completed;2,1;1,72;2,02;1,88;2,27;1,88;2,09;1,75
10;Guadalajara;Abierto Zapopan;21/02/2022;WTA250;Outdoor;Hard;1st Round;3;Schmiedlova A.;Parrizas Diaz N.;88;47;772;1123;6;1;6;4;;;2;0;Completed;2,37;1,57;2,45;1,61;2,49;1,67;2,35;1,59
10;Guadalajara;Abierto Zapopan;21/02/2022;WTA250;Outdoor;Hard;1st Round;3;Potapova A.;Tsurenko L.;111;127;611;542;6;4;2;2;;;1;0;Retired;1,9;1,9;1,94;1,94;1,95;2,02;1,87;1,91
10;Guadalajara;Abierto Zapopan;21/02/2022;WTA250;Outdoor;Hard;1st Round;3;Kalinskaya A.;Zheng Q.;100;77;694;852;6;3;2;6;6;2;2;1;Completed;3;1,4;3,06;1,42;3,1;1,45;2,9;1,4
10;Guadalajara;Abierto Zapopan;21/02/2022;WTA250;Outdoor;Hard;1st Round;3;Wang Q.;Davis L.;144;87;459;792;6;2;6;1;;;2;0;Completed;1,53;2,5;1,63;2,41;1,63;2,5;1,57;2,38
10;Guadalajara;Abierto Zapopan;21/02/2022;WTA250;Outdoor;Hard;1st Round;3;Stephens S.;Fruhvirtova B.;57;435;1023;116;6;2;6;2;;;2;0;Completed;1,57;2,37;1,67;2,33;1,67;2,5;1,59;2,33
10;Guadalajara;Abierto Zapopan;21/02/2022;WTA250;Outdoor;Hard;1st Round;3;Bronzetti L.;Mcnally C.;112;156;611;423;6;7;6;3;6;3;2;1;Completed;2,1;1,72;2,06;1,84;2,2;1,84;2,05;1,77
10;Guadalajara;Abierto Zapopan;22/02/2022;WTA250;Outdoor;Hard;1st Round;3;Tan H.;Keys M.;104;29;668;1744;6;4;1;6;6;1;2;1;Completed;6;1,12;7,75;1,11;7,75;1,14;6,5;1,11
10;Guadalajara;Abierto Zapopan;22/02/2022;WTA250;Outdoor;Hard;1st Round;3;Bouzkova M.;Doi M.;96;78;743;832;4;6;7;5;6;4;2;1;Completed;1,57;2,37;1,65;2,37;1,65;2,4;1,59;2,34
10;Guadalajara;Abierto Zapopan;22/02/2022;WTA250;Outdoor;Hard;1st Round;3;Baptiste H.;Kuzmova V.;131;140;513;465;6;3;6;3;;;2;0;Completed;1,9;1,9;1,93;1,96;1,95;2,03;1,88;1,91
10;Guadalajara;Abierto Zapopan;22/02/2022;WTA250;Outdoor;Hard;1st Round;3;Osorio M.;Tomova V.;45;105;1147;647;6;4;6;3;;;2;0;Completed;1,4;3;1,39;3,23;1,44;3,24;1,38;3,02
10;Guadalajara;Abierto Zapopan;22/02/2022;WTA250;Outdoor;Hard;1st Round;3;Wang Xin.;Udvardy P.;94;83;750;801;6;4;4;6;6;1;2;1;Completed;1,2;4,5;1,2;5,19;1,23;5,19;1,19;4,56
10;Guadalajara;Abierto Zapopan;22/02/2022;WTA250;Outdoor;Hard;1st Round;3;Sorribes Tormo S.;Volynets K.;32;155;1588;424;6;4;6;1;;;2;0;Completed;1,3;3,5;1,42;3,09;1,42;3,58;1,34;3,24
10;Guadalajara;Abierto Zapopan;22/02/2022;WTA250;Outdoor;Hard;1st Round;3;Paquet C.;Masarova R.;118;142;582;460;7;5;7;5;;;2;0;Completed;2,62;1,5;2,64;1,54;2,66;1,62;2,51;1,52
10;Guadalajara;Abierto Zapopan;23/02/2022;WTA250;Outdoor;Hard;1st Round;3;Dolehide C.;Zhu L.;180;109;368;614;4;6;6;3;6;4;2;1;Completed;1,57;2,37;1,64;2,38;1,71;2,38;1,63;2,27
10;Guadalajara;Abierto Zapopan;23/02/2022;WTA250;Outdoor;Hard;1st Round;3;Saville D.;Raducanu E.;610;12;67;2664;5;7;7;6;4;3;1;1;Retired;3,75;1,28;3,75;1,31;3,8;1,32;3,56;1,29
10;Guadalajara;Abierto Zapopan;23/02/2022;WTA250;Outdoor;Hard;1st Round;3;Frech M.;Zarazua R.;97;121;734;558;7;6;4;6;6;4;2;1;Completed;1,25;4;1,27;4,09;1,27;4,4;1,24;3,91
10;Guadalajara;Abierto Zapopan;23/02/2022;WTA250;Outdoor;Hard;2nd Round;3;Wang Q.;Tan H.;144;104;459;668;6;4;6;2;;;2;0;Completed;1,44;2,75;1,47;2,93;1,5;2,93;1,45;2,7
10;Guadalajara;Abierto Zapopan;23/02/2022;WTA250;Outdoor;Hard;2nd Round;3;Kalinskaya A.;Wang Xin.;100;94;694;750;6;4;0;6;6;4;2;1;Completed;1,8;2;1,74;2,22;2,05;2,22;1,77;2,05
10;Guadalajara;Abierto Zapopan;24/02/2022;WTA250;Outdoor;Hard;2nd Round;3;Bouzkova M.;Bronzetti L.;96;112;743;611;7;6;6;2;;;2;0;Completed;1,5;2,62;1,57;2,56;1,58;2,64;1,53;2,48
10;Guadalajara;Abierto Zapopan;24/02/2022;WTA250;Outdoor;Hard;2nd Round;3;Schmiedlova A.;Potapova A.;88;111;772;611;6;3;7;6;;;2;0;Completed;2,37;1,57;2,43;1,63;2,5;1,65;2,36;1,58
10;Guadalajara;Abierto Zapopan;24/02/2022;WTA250;Outdoor;Hard;2nd Round;3;Sorribes Tormo S.;Frech M.;32;97;1588;734;6;0;6;2;;;2;0;Completed;1,4;3;1,4;3,25;1,41;3,42;1,36;3,12
10;Guadalajara;Abierto Zapopan;24/02/2022;WTA250;Outdoor;Hard;2nd Round;3;Stephens S.;Paquet C.;57;118;1023;582;7;5;6;4;;;2;0;Completed;1,36;3,2;1,32;3,77;1,36;3,77;1,32;3,31
10;Guadalajara;Abierto Zapopan;25/02/2022;WTA250;Outdoor;Hard;2nd Round;3;Saville D.;Dolehide C.;610;180;67;368;6;1;6;3;;;2;0;Completed;1,8;2;1,93;1,97;1,95;2;1,86;1,93
10;Guadalajara;Abierto Zapopan;25/02/2022;WTA250;Outdoor;Hard;2nd Round;3;Osorio M.;Baptiste H.;45;131;1147;513;1;6;6;3;6;3;2;1;Completed;1,72;2,1;1,64;2,41;1,8;2,41;1,69;2,15
10;Guadalajara;Abierto Zapopan;25/02/2022;WTA250;Outdoor;Hard;Quarterfinals;3;Wang Q.;Schmiedlova A.;144;88;459;772;6;2;6;3;;;2;0;Completed;1,53;2,5;1,53;2,71;1,66;2,78;1,54;2,45
10;Guadalajara;Abierto Zapopan;25/02/2022;WTA250;Outdoor;Hard;Quarterfinals;3;Kalinskaya A.;Osorio M.;100;45;694;1147;6;4;6;1;;;2;0;Completed;2,1;1,72;1,95;1,95;2,25;1,96;2,04;1,78
10;Guadalajara;Abierto Zapopan;26/02/2022;WTA250;Outdoor;Hard;Quarterfinals;3;Stephens S.;Saville D.;57;610;1023;67;4;6;6;3;6;2;2;1;Completed;1,53;2,5;1,62;2,45;1,65;2,53;1,59;2,36
10;Guadalajara;Abierto Zapopan;26/02/2022;WTA250;Outdoor;Hard;Quarterfinals;3;Bouzkova M.;Sorribes Tormo S.;96;32;743;1588;6;4;6;1;;;2;0;Completed;2,37;1,57;2,48;1,61;2,5;1,62;2,38;1,57
10;Guadalajara;Abierto Zapopan;27/02/2022;WTA250;Outdoor;Hard;Semifinals;3;Stephens S.;Kalinskaya A.;57;100;1023;694;3;6;7;5;;;1;1;Retired;1,61;2,3;1,81;2,11;1,86;2,3;1,71;2,14
10;Guadalajara;Abierto Zapopan;27/02/2022;WTA250;Outdoor;Hard;Semifinals;3;Bouzkova M.;Wang Q.;96;144;743;459;6;3;6;3;;;2;0;Completed;2,2;1,66;2,35;1,67;2,35;1,73;2,2;1,67
10;Guadalajara;Abierto Zapopan;28/02/2022;WTA250;Outdoor;Hard;The Final;3;Stephens S.;Bouzkova M.;57;96;1023;743;7;5;1;6;6;2;2;1;Completed;2,1;1,72;1,96;1,94;2,13;1,94;2,01;1,8
